code_insee,is_zrr
01001,False
01002,False
01004,False
01005,False
01006,False
01007,False
01008,False
01009,False
01010,False
01011,False
01012,False
01013,False
01014,False
01015,False
01016,False
01017,False
01019,False
01021,False
01022,False
01023,False
01024,False
01025,False
01026,False
01027,False
01028,False
01029,False
01030,False
01031,False
01032,False
01033,False
01034,False
01035,False
01036,False
01037,False
01038,False
01039,False
01040,False
01041,False
01042,False
01043,False
01044,False
01045,False
01046,False
01047,False
01049,False
01050,False
01051,False
01052,False
01053,False
01054,False
01056,False
01057,False
01058,False
01060,True
01061,False
01062,False
01063,False
01064,False
01065,False
01066,False
01067,False
01068,False
01069,False
01071,False
01072,False
01073,False
01074,False
01075,False
01076,False
01077,False
01078,False
01079,False
01080,True
01081,False
01082,False
01083,False
01084,False
01085,False
01087,False
01088,False
01089,False
01090,False
01092,False
01093,False
01094,False
01095,False
01096,False
01098,False
01099,False
01100,False
01101,True
01102,False
01103,False
01104,False
01105,False
01106,False
01107,False
01108,False
01109,False
01110,False
01111,False
01112,True
01113,False
01114,False
01115,False
01116,False
01117,False
01118,False
01121,False
01123,False
01124,True
01125,False
01127,False
01128,True
01129,False
01130,False
01133,False
01134,False
01135,False
01136,False
01138,False
01139,True
01140,False
01141,False
01142,False
01143,False
01145,False
01146,False
01147,False
01148,False
01149,False
01150,False
01151,False
01152,False
01153,False
01155,False
01156,False
01157,False
01158,False
01159,False
01160,False
01162,False
01163,False
01165,False
01166,False
01167,False
01169,False
01170,False
01171,False
01173,False
01174,False
01175,False
01177,False
01179,False
01180,False
01181,False
01183,False
01184,False
01185,False
01187,True
01188,False
01189,False
01190,False
01191,True
01192,False
01193,False
01194,False
01195,False
01196,False
01197,False
01198,False
01199,False
01200,False
01202,False
01203,False
01204,False
01206,True
01207,False
01208,False
01209,False
01210,False
01211,False
01212,True
01213,False
01214,False
01215,False
01216,False
01219,False
01224,False
01225,False
01227,False
01228,False
01229,False
01230,True
01231,False
01232,False
01233,False
01234,False
01235,False
01236,False
01237,False
01238,False
01239,False
01240,False
01241,False
01242,False
01243,False
01244,False
01245,False
01246,False
01247,False
01248,False
01249,False
01250,False
01252,False
01254,False
01255,False
01257,False
01258,False
01259,False
01260,False
01261,False
01262,False
01263,False
01264,False
01265,False
01266,False
01267,False
01268,False
01269,False
01272,False
01273,False
01274,False
01275,False
01276,False
01277,False
01279,False
01280,False
01281,False
01282,True
01283,False
01284,False
01285,False
01286,False
01288,False
01289,False
01290,False
01291,False
01293,False
01294,False
01295,False
01296,False
01297,False
01298,False
01299,False
01301,False
01302,False
01303,False
01304,False
01305,False
01306,False
01307,False
01308,False
01309,False
01310,False
01311,False
01313,False
01314,False
01317,False
01318,False
01319,False
01320,False
01321,False
01322,False
01323,False
01325,False
01328,False
01329,False
01330,False
01331,False
01332,False
01333,False
01334,False
01335,False
01336,False
01337,False
01338,False
01339,False
01342,False
01343,False
01344,False
01345,False
01346,False
01347,False
01348,False
01349,False
01350,False
01351,False
01352,False
01353,False
01354,False
01355,False
01356,False
01357,False
01358,False
01359,False
01360,False
01361,False
01362,False
01363,False
01364,True
01365,False
01366,False
01367,True
01368,False
01369,False
01370,False
01371,False
01372,False
01373,False
01374,False
01375,False
01376,False
01378,False
01379,False
01380,True
01381,False
01382,False
01383,False
01384,False
01385,False
01386,False
01387,False
01388,True
01389,False
01390,False
01391,False
01392,False
01393,False
01396,False
01397,False
01398,False
01399,False
01400,False
01401,False
01402,False
01403,False
01404,False
01405,False
01406,True
01407,False
01408,False
01410,False
01411,False
01412,False
01415,False
01416,False
01418,False
01419,False
01420,False
01421,False
01422,False
01423,False
01424,False
01425,False
01426,False
01427,False
01428,False
01429,False
01430,False
01431,False
01432,False
01433,True
01434,False
01435,False
01436,False
01437,True
01439,False
01441,True
01443,False
01444,False
01445,False
01446,False
01447,False
01448,False
01449,False
01450,False
01451,False
01452,False
01453,False
01454,False
01456,False
01457,False
02001,False
02002,False
02003,False
02004,True
02005,True
02006,True
02007,True
02008,False
02009,True
02010,False
02011,False
02012,True
02013,True
02014,False
02015,False
02016,False
02017,False
02018,True
02019,False
02020,True
02021,True
02022,True
02023,True
02024,False
02025,False
02027,True
02028,False
02029,False
02030,False
02031,True
02032,False
02033,True
02034,False
02035,True
02036,False
02037,False
02038,True
02039,True
02040,True
02041,False
02042,True
02043,False
02044,True
02046,True
02047,True
02048,True
02049,True
02050,True
02051,True
02052,True
02053,True
02054,False
02055,True
02056,False
02057,False
02058,True
02059,False
02060,False
02061,False
02062,True
02063,False
02064,False
02065,False
02066,True
02067,True
02068,True
02069,True
02070,True
02071,False
02072,True
02073,True
02074,False
02075,True
02076,True
02077,False
02078,True
02079,True
02080,False
02081,False
02082,True
02083,True
02084,False
02085,True
02086,False
02087,False
02088,False
02089,False
02090,True
02091,False
02093,True
02094,True
02095,False
02096,True
02097,True
02098,True
02099,True
02100,False
02101,True
02102,True
02103,True
02104,True
02105,True
02106,True
02107,True
02108,True
02109,True
02110,False
02111,True
02112,False
02114,True
02115,True
02116,True
02117,False
02118,False
02119,True
02120,False
02121,True
02122,False
02123,True
02124,True
02125,True
02126,True
02127,True
02128,False
02129,False
02130,True
02131,False
02132,False
02133,True
02134,True
02135,True
02136,True
02137,True
02138,True
02139,False
02140,True
02141,True
02142,False
02143,False
02144,False
02145,False
02146,True
02148,False
02149,True
02150,True
02151,False
02152,False
02153,True
02154,True
02155,True
02156,True
02157,False
02158,True
02159,True
02160,True
02162,False
02163,False
02164,True
02165,False
02166,True
02167,False
02168,True
02169,True
02170,True
02171,True
02172,True
02173,False
02174,False
02175,False
02176,False
02177,False
02178,True
02179,False
02180,True
02181,True
02182,True
02183,True
02184,True
02185,True
02186,False
02187,True
02188,True
02189,True
02190,False
02191,False
02192,False
02193,True
02194,True
02195,False
02196,False
02197,True
02198,False
02199,False
02200,True
02201,False
02203,True
02204,True
02205,True
02206,True
02207,False
02208,True
02209,True
02210,False
02211,True
02212,False
02213,True
02214,False
02215,True
02216,False
02217,True
02218,True
02219,True
02220,True
02221,False
02222,False
02223,True
02224,False
02225,True
02226,False
02227,True
02228,True
02229,True
02230,False
02231,True
02232,False
02233,True
02234,True
02235,True
02236,True
02237,True
02238,False
02239,True
02240,False
02241,True
02242,False
02243,False
02244,True
02245,False
02246,False
02248,True
02249,True
02250,True
02251,True
02252,True
02253,False
02254,False
02255,False
02256,True
02257,False
02258,False
02259,False
02260,False
02261,True
02262,False
02263,False
02264,True
02265,True
02266,True
02267,False
02268,False
02269,True
02270,False
02271,True
02272,True
02273,False
02274,True
02275,True
02276,True
02277,False
02278,True
02279,True
02280,True
02281,False
02282,False
02283,True
02284,True
02286,True
02287,True
02288,False
02289,False
02290,True
02291,False
02292,True
02293,False
02294,False
02295,True
02296,False
02297,True
02298,True
02299,True
02302,False
02303,False
02304,False
02305,True
02306,True
02307,False
02308,True
02309,False
02310,False
02311,False
02312,True
02313,True
02315,False
02316,False
02317,False
02318,True
02319,False
02320,False
02321,True
02322,False
02323,False
02324,True
02326,False
02327,False
02328,True
02329,False
02330,False
02331,True
02332,True
02333,True
02334,False
02335,False
02336,False
02337,True
02338,True
02339,True
02340,False
02341,True
02342,True
02343,False
02345,True
02346,True
02347,True
02349,True
02350,True
02351,True
02352,False
02353,True
02354,True
02355,False
02356,True
02357,True
02358,True
02359,False
02360,True
02361,True
02362,False
02363,True
02364,True
02366,True
02367,False
02368,False
02369,True
02370,False
02371,False
02372,True
02373,True
02374,False
02375,True
02376,True
02377,True
02378,True
02379,True
02380,True
02381,True
02382,False
02383,False
02384,True
02385,True
02386,True
02387,True
02388,True
02389,True
02390,False
02391,True
02392,False
02393,False
02395,True
02396,True
02397,False
02398,False
02399,True
02400,False
02401,True
02402,False
02403,True
02404,True
02405,True
02406,True
02407,False
02408,False
02409,True
02410,False
02411,True
02412,True
02413,False
02414,True
02415,False
02416,True
02417,False
02418,True
02419,True
02420,False
02421,False
02422,True
02423,True
02424,False
02425,True
02426,False
02427,False
02428,True
02429,True
02430,True
02431,False
02432,False
02433,True
02435,True
02438,False
02439,False
02440,True
02441,False
02442,True
02443,False
02444,True
02445,True
02446,True
02447,True
02448,True
02449,False
02450,True
02451,False
02452,False
02453,True
02454,True
02455,True
02456,False
02457,True
02458,True
02459,False
02460,True
02461,False
02462,True
02463,True
02464,False
02465,False
02466,False
02467,False
02468,True
02469,True
02470,True
02471,True
02472,True
02473,False
02474,False
02476,True
02477,False
02478,True
02480,True
02481,False
02482,True
02483,True
02484,True
02485,False
02486,True
02487,False
02488,True
02489,False
02490,False
02491,True
02492,False
02493,True
02494,True
02495,True
02496,False
02497,False
02498,True
02499,True
02500,False
02501,False
02502,True
02503,True
02504,False
02505,False
02506,False
02507,True
02508,True
02509,True
02510,True
02511,False
02512,True
02513,True
02514,False
02515,True
02516,True
02517,True
02518,True
02519,True
02520,False
02521,False
02522,True
02523,False
02524,True
02525,False
02526,True
02527,False
02528,False
02529,True
02530,True
02531,True
02532,True
02533,True
02534,True
02535,True
02536,True
02537,False
02538,True
02539,False
02540,True
02541,True
02542,False
02543,True
02544,True
02545,True
02546,False
02547,True
02548,True
02549,False
02550,True
02551,False
02552,True
02553,True
02554,True
02555,False
02556,True
02557,False
02558,True
02559,True
02560,True
02561,False
02562,False
02563,True
02564,False
02565,True
02566,False
02567,True
02568,False
02569,True
02570,False
02571,False
02572,True
02573,False
02574,True
02575,True
02576,False
02577,False
02578,True
02579,True
02580,True
02581,False
02582,True
02583,True
02584,True
02585,True
02586,True
02587,False
02588,True
02589,False
02590,True
02591,True
02592,True
02593,False
02594,False
02595,True
02596,False
02598,False
02599,False
02600,True
02601,True
02602,True
02604,False
02605,True
02606,True
02607,False
02608,True
02609,True
02610,False
02612,False
02613,True
02614,False
02615,False
02616,True
02617,True
02618,False
02619,True
02620,False
02621,False
02622,True
02623,True
02624,True
02625,True
02626,True
02627,True
02628,False
02629,True
02631,False
02632,True
02633,False
02634,True
02635,False
02636,True
02637,False
02638,True
02639,True
02640,True
02641,True
02642,True
02643,False
02644,False
02645,True
02647,True
02648,True
02649,True
02650,True
02651,False
02652,True
02653,False
02654,True
02655,True
02656,True
02657,True
02658,False
02659,False
02660,True
02661,True
02662,True
02663,True
02664,True
02665,True
02666,True
02667,False
02668,True
02670,True
02671,True
02672,False
02673,False
02674,True
02675,True
02676,True
02677,True
02678,True
02679,True
02680,False
02681,True
02682,False
02683,True
02684,True
02685,False
02686,True
02687,False
02688,True
02689,True
02690,True
02691,False
02693,True
02694,False
02695,False
02696,True
02697,False
02698,False
02699,True
02701,False
02702,False
02703,False
02704,True
02705,True
02706,False
02707,True
02708,False
02709,False
02710,False
02711,False
02712,True
02713,True
02714,False
02715,False
02716,False
02717,True
02718,False
02719,False
02720,True
02721,True
02722,False
02723,True
02724,True
02725,True
02726,False
02727,True
02728,True
02729,False
02730,False
02731,True
02732,True
02734,False
02735,False
02736,False
02737,True
02738,False
02739,False
02740,True
02741,True
02742,True
02743,True
02744,True
02745,True
02746,False
02747,False
02748,True
02749,False
02750,True
02751,True
02752,False
02753,True
02754,False
02755,True
02756,True
02757,True
02758,False
02759,True
02760,True
02761,True
02762,False
02763,False
02764,True
02765,False
02766,False
02767,False
02768,True
02769,True
02770,False
02772,False
02773,False
02774,False
02775,True
02776,False
02777,False
02778,True
02779,True
02780,False
02781,True
02782,False
02783,True
02784,True
02785,False
02786,True
02787,True
02788,False
02789,True
02790,True
02791,False
02792,False
02793,False
02794,True
02795,False
02796,True
02797,False
02798,False
02799,True
02800,True
02801,True
02802,True
02803,True
02804,True
02805,False
02806,True
02807,False
02808,False
02809,True
02810,False
02812,False
02813,True
02814,True
02815,False
02816,True
02817,False
02818,False
02819,True
02820,False
02821,False
02822,False
02823,True
02824,False
02826,True
02827,True
02828,False
02829,False
02830,True
02831,True
02832,True
02833,True
02834,True
03001,False
03002,True
03003,True
03004,True
03005,True
03006,True
03007,True
03008,True
03009,True
03010,True
03011,True
03012,True
03013,True
03014,True
03015,True
03016,True
03017,True
03018,True
03019,True
03020,True
03021,True
03022,True
03023,False
03024,True
03025,True
03026,True
03027,True
03028,True
03029,False
03030,True
03031,True
03032,True
03033,False
03034,True
03035,True
03036,True
03037,True
03038,True
03039,True
03040,True
03041,True
03042,True
03043,True
03044,False
03045,False
03046,True
03047,True
03048,True
03049,True
03050,True
03051,True
03052,True
03053,True
03054,True
03055,True
03056,True
03057,True
03058,True
03059,True
03060,False
03061,True
03062,True
03063,True
03064,True
03065,True
03066,True
03067,True
03068,True
03069,True
03070,True
03071,True
03072,True
03073,True
03074,True
03075,True
03076,True
03077,True
03078,True
03079,True
03080,False
03081,True
03082,True
03083,True
03084,True
03085,True
03086,True
03087,True
03088,True
03089,True
03090,True
03091,True
03092,True
03093,False
03094,False
03095,False
03096,True
03097,True
03098,False
03099,True
03100,True
03101,False
03102,True
03103,True
03104,True
03105,True
03106,True
03107,True
03108,True
03109,True
03110,False
03111,True
03112,True
03113,True
03114,True
03115,True
03116,True
03117,True
03118,True
03119,True
03120,True
03121,True
03122,True
03124,True
03125,True
03126,False
03127,True
03128,True
03129,True
03130,True
03131,True
03132,True
03133,True
03134,True
03135,True
03136,False
03137,True
03138,True
03139,True
03140,False
03141,True
03142,True
03143,True
03144,True
03145,False
03146,True
03147,True
03148,True
03149,True
03150,True
03151,True
03152,True
03154,True
03155,True
03156,True
03157,False
03158,True
03159,True
03160,True
03161,True
03162,True
03163,False
03164,True
03165,True
03166,True
03167,True
03168,True
03169,True
03170,True
03171,True
03172,True
03173,True
03174,True
03175,True
03176,True
03177,True
03178,True
03179,True
03180,True
03181,True
03182,True
03183,True
03184,True
03185,False
03186,True
03187,True
03188,True
03189,True
03190,True
03191,True
03192,True
03193,True
03194,True
03195,True
03196,True
03197,True
03198,True
03200,True
03201,True
03202,True
03203,True
03204,True
03205,True
03206,True
03207,True
03208,True
03209,True
03210,True
03211,False
03212,False
03213,True
03214,True
03215,True
03216,True
03217,True
03218,True
03219,True
03220,True
03221,True
03222,True
03223,True
03224,True
03225,True
03226,True
03227,True
03228,True
03229,True
03230,True
03231,True
03232,True
03233,True
03234,True
03235,True
03236,False
03237,True
03238,True
03239,True
03240,True
03241,True
03242,True
03243,True
03244,True
03245,True
03246,True
03247,True
03248,True
03249,True
03250,True
03251,True
03252,True
03253,True
03254,True
03255,True
03256,True
03257,True
03258,False
03259,True
03260,True
03261,True
03262,False
03263,True
03264,False
03265,True
03266,True
03267,True
03268,True
03269,True
03270,True
03271,False
03272,True
03273,False
03274,True
03275,True
03276,True
03277,True
03278,True
03279,False
03280,True
03281,True
03282,True
03283,True
03284,True
03285,True
03286,True
03287,True
03288,True
03289,True
03290,True
03291,True
03292,True
03293,True
03294,True
03295,True
03296,True
03297,True
03298,True
03299,True
03300,True
03301,True
03302,True
03303,True
03304,False
03305,True
03306,False
03307,True
03308,True
03309,True
03310,False
03311,True
03312,True
03313,True
03314,True
03315,True
03316,True
03317,True
03319,True
03320,True
03321,True
04001,True
04004,True
04005,True
04006,True
04007,True
04008,True
04009,True
04012,True
04013,False
04016,True
04017,True
04018,True
04019,True
04020,True
04021,True
04022,True
04023,True
04024,True
04025,True
04026,True
04027,True
04028,True
04030,True
04031,True
04032,True
04033,True
04034,False
04035,True
04036,True
04037,True
04039,True
04040,True
04041,True
04042,True
04043,True
04045,True
04046,True
04047,True
04049,True
04050,True
04051,True
04053,False
04054,True
04055,True
04057,True
04058,True
04059,True
04061,True
04062,True
04063,False
04065,True
04066,True
04067,True
04068,True
04069,True
04070,True
04072,True
04073,True
04074,True
04075,True
04076,True
04077,True
04079,True
04081,True
04084,True
04085,True
04086,True
04087,True
04088,True
04090,True
04091,True
04092,True
04093,True
04094,True
04095,True
04096,True
04097,True
04099,True
04101,True
04102,True
04104,True
04106,True
04107,True
04108,True
04109,True
04110,True
04111,True
04112,False
04113,True
04115,True
04116,True
04118,True
04120,True
04121,True
04122,True
04123,True
04124,True
04126,True
04127,False
04128,False
04129,True
04130,True
04132,True
04133,True
04134,True
04135,True
04136,True
04137,True
04138,True
04139,True
04140,True
04141,True
04142,True
04143,False
04144,True
04145,False
04148,True
04149,True
04150,True
04151,True
04152,False
04154,True
04155,True
04156,True
04157,True
04158,True
04159,True
04160,True
04161,True
04162,True
04163,True
04164,True
04166,True
04167,True
04169,True
04170,True
04171,True
04172,True
04173,True
04174,True
04175,True
04176,True
04177,True
04178,True
04179,True
04180,True
04181,True
04182,True
04183,True
04184,True
04186,True
04187,True
04188,True
04189,True
04190,True
04191,True
04192,True
04193,True
04194,True
04195,True
04197,False
04199,True
04200,False
04201,True
04202,True
04203,True
04204,True
04205,True
04206,True
04207,True
04208,True
04209,True
04210,True
04211,False
04214,True
04216,True
04217,True
04218,True
04219,True
04220,True
04222,True
04224,True
04226,True
04227,True
04228,True
04229,True
04230,True
04231,True
04233,True
04234,True
04235,True
04236,True
04237,True
04240,True
04241,True
04242,False
04244,True
04245,False
05001,True
05003,True
05004,True
05006,True
05007,True
05008,True
05009,True
05010,True
05011,True
05012,False
05013,True
05014,True
05016,True
05017,True
05018,True
05019,True
05021,True
05022,True
05023,True
05024,True
05025,True
05026,True
05027,True
05028,True
05029,True
05031,True
05032,True
05033,True
05035,True
05036,False
05037,True
05038,True
05039,True
05040,True
05044,False
05045,False
05046,False
05047,True
05048,True
05049,True
05050,True
05051,True
05052,False
05053,True
05054,True
05055,True
05056,True
05057,True
05058,True
05059,True
05060,True
05061,False
05062,True
05063,True
05064,True
05065,False
05066,True
05068,True
05070,True
05071,True
05072,True
05073,True
05074,True
05075,True
05076,True
05077,True
05078,True
05079,True
05080,True
05081,True
05082,False
05084,True
05085,True
05086,True
05087,True
05089,True
05090,True
05091,True
05092,True
05093,True
05094,True
05095,True
05096,True
05097,True
05098,False
05099,True
05100,True
05101,True
05102,True
05103,True
05104,True
05106,True
05107,True
05108,True
05109,False
05110,True
05111,True
05112,True
05113,True
05114,True
05115,True
05116,False
05117,True
05118,True
05119,False
05121,True
05122,True
05123,True
05124,True
05126,True
05127,True
05128,False
05129,True
05130,True
05131,True
05132,True
05133,True
05134,False
05135,True
05136,False
05139,True
05140,True
05142,True
05144,True
05145,True
05146,True
05147,True
05148,True
05149,True
05151,True
05152,True
05153,True
05154,True
05155,True
05156,False
05157,True
05158,True
05159,True
05160,True
05161,True
05162,True
05163,True
05164,True
05165,True
05166,True
05167,True
05168,True
05169,True
05170,True
05171,True
05172,True
05173,True
05174,True
05176,True
05177,False
05178,True
05179,True
05180,True
05181,True
05182,True
05183,True
05184,True
06001,True
06002,True
06003,True
06004,False
06005,True
06006,False
06007,False
06008,True
06009,False
06010,False
06011,False
06012,False
06013,True
06014,False
06015,False
06016,True
06017,False
06018,False
06019,False
06020,True
06021,False
06022,False
06023,False
06024,True
06025,False
06026,False
06027,False
06028,True
06029,False
06030,False
06031,False
06032,False
06033,False
06034,False
06035,False
06036,False
06037,False
06038,False
06039,False
06040,True
06041,False
06042,False
06043,False
06044,False
06045,True
06046,False
06047,False
06048,False
06049,False
06050,False
06051,True
06052,True
06053,True
06054,False
06055,False
06056,True
06057,False
06058,True
06059,False
06060,False
06061,False
06062,False
06063,True
06064,False
06065,False
06066,False
06067,False
06068,False
06069,False
06070,False
06071,True
06072,False
06073,True
06074,False
06075,False
06076,True
06077,False
06078,True
06079,False
06080,False
06081,True
06082,True
06083,False
06084,False
06085,False
06086,False
06087,True
06088,False
06089,False
06090,False
06091,False
06092,False
06093,True
06094,True
06095,False
06096,True
06097,True
06098,True
06099,True
06100,True
06101,True
06102,False
06103,True
06104,False
06105,False
06106,True
06107,False
06108,False
06109,False
06110,False
06111,False
06112,False
06113,False
06114,False
06115,True
06116,True
06117,False
06118,False
06119,True
06120,True
06121,False
06122,False
06123,False
06124,True
06125,True
06126,False
06127,True
06128,False
06129,False
06130,False
06131,True
06132,False
06133,True
06134,True
06135,True
06136,False
06137,False
06138,False
06139,True
06140,False
06141,True
06142,False
06143,True
06144,False
06145,True
06146,False
06147,False
06148,False
06149,False
06150,False
06151,False
06152,False
06153,False
06154,True
06155,False
06156,True
06157,False
06158,True
06159,False
06160,True
06161,False
06162,False
06163,False
07001,True
07002,False
07003,False
07004,True
07005,False
07006,True
07007,True
07008,False
07009,False
07010,False
07011,False
07012,True
07013,False
07014,True
07015,False
07017,True
07018,True
07019,False
07020,False
07022,False
07023,True
07024,True
07025,True
07026,True
07027,False
07028,True
07029,True
07030,True
07031,True
07032,True
07033,True
07034,False
07035,True
07036,False
07037,True
07038,True
07039,True
07040,False
07041,False
07042,False
07044,False
07045,True
07047,True
07048,True
07049,True
07050,True
07051,False
07052,True
07053,True
07054,True
07055,False
07056,False
07058,True
07059,False
07060,True
07061,True
07062,True
07063,False
07064,True
07065,True
07066,False
07067,False
07068,False
07069,True
07070,False
07071,True
07072,False
07073,True
07074,False
07075,True
07076,False
07077,True
07078,False
07079,True
07080,True
07081,True
07082,True
07083,True
07084,False
07085,True
07086,False
07087,True
07088,True
07089,False
07090,False
07091,False
07092,False
07093,True
07094,True
07095,True
07096,True
07097,False
07098,True
07099,False
07100,True
07101,True
07102,False
07103,True
07104,True
07105,True
07106,True
07107,True
07108,True
07109,True
07110,True
07111,False
07112,False
07113,True
07114,True
07115,True
07116,False
07117,True
07118,True
07119,True
07120,True
07121,True
07122,False
07123,True
07124,True
07126,True
07127,True
07128,True
07129,True
07130,True
07131,True
07132,True
07133,False
07134,True
07136,True
07137,True
07138,True
07139,False
07140,False
07141,False
07142,True
07143,False
07144,True
07145,True
07146,False
07147,True
07148,True
07149,True
07150,True
07151,True
07152,False
07153,True
07154,True
07155,False
07156,True
07157,False
07158,False
07159,True
07160,False
07161,True
07162,True
07163,True
07165,True
07166,True
07167,True
07168,True
07169,False
07170,True
07171,True
07172,False
07173,True
07174,False
07175,True
07176,True
07177,False
07178,True
07179,False
07181,False
07182,True
07183,True
07184,True
07185,True
07186,False
07187,True
07188,False
07189,True
07190,True
07191,False
07192,True
07193,True
07194,False
07195,True
07196,True
07197,False
07198,False
07199,True
07200,True
07201,True
07202,True
07203,True
07204,True
07205,True
07206,True
07207,True
07208,True
07209,True
07210,True
07211,True
07212,True
07213,True
07214,True
07215,True
07216,True
07217,False
07218,True
07219,False
07220,True
07221,False
07222,True
07223,True
07224,True
07225,False
07226,True
07227,False
07228,False
07229,False
07230,True
07231,False
07232,True
07233,True
07234,False
07235,True
07236,True
07237,False
07238,True
07239,True
07240,False
07241,True
07242,True
07243,False
07244,True
07245,False
07247,True
07248,True
07249,True
07250,True
07251,True
07253,True
07254,False
07255,False
07257,True
07258,False
07259,False
07260,False
07261,False
07262,True
07263,True
07264,False
07265,False
07266,True
07267,True
07268,False
07269,True
07270,False
07272,True
07273,True
07274,True
07275,True
07276,True
07277,True
07278,True
07279,False
07280,True
07281,False
07282,True
07283,False
07284,True
07285,True
07286,True
07287,True
07288,False
07289,False
07290,True
07291,True
07292,True
07293,True
07294,True
07295,True
07296,False
07297,True
07298,False
07299,True
07300,False
07301,True
07302,False
07303,True
07304,True
07305,True
07306,True
07307,True
07308,False
07309,True
07310,False
07311,True
07312,False
07313,False
07314,True
07315,True
07316,False
07317,False
07318,True
07319,False
07321,False
07322,True
07323,False
07324,False
07325,False
07326,True
07327,True
07328,True
07329,True
07330,True
07331,False
07332,False
07333,False
07334,True
07335,True
07336,True
07337,False
07338,True
07339,False
07340,False
07341,True
07342,False
07343,True
07344,False
07345,False
07346,False
07347,False
07348,True
07349,False
08001,True
08003,False
08004,True
08005,True
08006,True
08008,True
08010,True
08011,False
08013,True
08014,True
08015,True
08016,True
08017,True
08018,True
08019,True
08020,True
08021,True
08022,False
08023,True
08024,True
08025,True
08026,True
08027,True
08028,False
08029,True
08030,True
08031,True
08032,True
08033,True
08034,True
08035,True
08036,True
08037,True
08038,True
08039,True
08040,False
08041,True
08043,False
08044,True
08045,True
08046,True
08047,True
08048,True
08049,True
08052,True
08053,False
08055,True
08056,True
08057,True
08058,False
08059,True
08060,True
08061,True
08062,True
08063,True
08064,True
08065,True
08066,True
08067,True
08069,True
08070,True
08071,True
08073,True
08074,True
08075,True
08076,True
08077,True
08078,True
08080,True
08081,True
08082,True
08083,True
08084,True
08085,True
08086,True
08087,True
08088,True
08089,True
08090,True
08092,True
08094,True
08095,True
08096,False
08097,True
08098,True
08099,True
08100,True
08101,False
08102,True
08103,True
08104,True
08105,False
08106,False
08107,True
08109,True
08110,True
08111,True
08113,True
08115,True
08116,True
08117,True
08119,False
08120,True
08121,True
08122,False
08123,True
08124,True
08125,False
08126,True
08128,True
08130,True
08131,True
08132,True
08133,True
08134,True
08135,True
08136,False
08137,False
08138,True
08139,True
08140,False
08141,True
08142,False
08143,True
08144,True
08145,True
08146,True
08147,True
08148,True
08149,True
08150,True
08151,True
08153,True
08154,True
08155,True
08156,True
08158,False
08159,True
08160,True
08161,True
08162,True
08163,True
08164,True
08165,True
08166,False
08167,True
08168,True
08169,True
08170,False
08171,True
08172,True
08173,False
08174,False
08175,False
08176,True
08178,True
08179,False
08180,False
08182,True
08183,False
08184,True
08185,False
08186,True
08187,False
08188,False
08189,True
08190,False
08191,False
08192,True
08193,True
08194,False
08195,True
08196,True
08197,True
08198,True
08199,False
08200,True
08201,True
08202,True
08203,True
08204,True
08205,True
08206,True
08207,False
08208,True
08209,False
08210,True
08211,True
08212,True
08214,False
08215,True
08216,False
08217,True
08218,True
08219,True
08220,True
08222,False
08223,True
08225,True
08226,False
08228,True
08229,True
08230,False
08232,False
08233,True
08234,True
08235,False
08236,True
08237,True
08238,True
08239,True
08240,True
08242,True
08243,True
08244,True
08245,True
08246,True
08247,False
08248,True
08249,True
08250,True
08251,True
08252,True
08254,True
08255,True
08256,True
08257,True
08259,True
08260,True
08262,True
08263,False
08264,True
08268,True
08269,True
08271,True
08272,True
08273,True
08274,True
08275,True
08276,True
08277,True
08278,True
08279,True
08280,True
08281,True
08282,True
08283,True
08284,True
08286,True
08287,True
08288,True
08289,True
08291,True
08293,True
08294,False
08295,True
08296,True
08297,True
08298,False
08300,True
08301,True
08302,True
08303,True
08304,False
08305,True
08306,True
08307,True
08308,True
08309,True
08310,True
08311,True
08312,True
08313,True
08314,True
08315,True
08316,False
08317,True
08318,True
08319,True
08320,True
08321,True
08322,True
08323,True
08324,True
08325,True
08326,True
08327,False
08328,False
08329,True
08330,True
08331,False
08332,True
08333,True
08334,True
08335,True
08336,True
08338,True
08339,True
08340,True
08341,True
08342,False
08343,False
08344,True
08346,False
08347,True
08348,True
08349,True
08350,True
08351,True
08352,True
08353,False
08354,True
08355,True
08356,True
08357,True
08358,True
08360,True
08361,True
08362,True
08363,False
08364,True
08365,True
08366,True
08367,True
08368,True
08369,True
08370,True
08372,True
08373,True
08374,True
08375,True
08376,True
08377,False
08378,True
08379,True
08380,True
08381,True
08382,True
08383,True
08384,True
08385,False
08386,True
08387,True
08388,True
08389,True
08390,True
08391,False
08392,True
08393,True
08394,True
08395,True
08396,True
08397,True
08398,True
08399,True
08400,False
08401,True
08402,True
08403,True
08404,True
08405,True
08406,True
08407,True
08408,False
08409,False
08410,True
08411,True
08412,True
08413,True
08415,True
08416,True
08417,True
08418,True
08419,True
08420,True
08421,True
08422,True
08424,True
08425,True
08426,True
08427,True
08428,True
08429,True
08430,True
08431,True
08432,True
08433,True
08434,True
08435,True
08436,True
08437,True
08438,True
08439,True
08440,True
08444,True
08445,False
08446,True
08448,True
08449,True
08450,True
08451,True
08452,True
08453,True
08454,True
08455,True
08456,True
08457,False
08458,True
08459,True
08460,True
08461,True
08462,True
08463,True
08464,True
08465,True
08466,True
08467,True
08468,True
08469,True
08470,True
08471,True
08472,True
08473,True
08476,True
08477,True
08478,True
08479,True
08480,False
08481,False
08482,True
08483,False
08484,True
08485,True
08486,False
08487,False
08488,False
08489,True
08490,True
08491,False
08492,False
08494,False
08496,True
08497,False
08498,True
08499,True
08500,True
08501,True
08502,True
08503,True
09001,True
09002,True
09003,True
09004,True
09005,True
09006,True
09007,True
09008,True
09009,True
09011,True
09012,True
09013,True
09014,True
09015,True
09016,True
09017,True
09018,True
09019,True
09020,True
09021,False
09022,False
09023,True
09024,True
09025,True
09026,True
09027,True
09029,True
09030,True
09031,True
09032,True
09033,True
09034,True
09035,True
09037,True
09038,True
09039,True
09040,False
09041,True
09042,True
09043,True
09044,True
09045,True
09046,True
09047,True
09048,True
09049,True
09050,False
09051,True
09052,True
09053,True
09054,True
09055,True
09056,False
09057,True
09058,True
09059,True
09060,False
09061,True
09062,True
09063,True
09064,True
09065,True
09066,True
09067,False
09068,True
09069,True
09070,True
09071,True
09072,False
09073,True
09074,True
09075,True
09076,False
09077,True
09078,True
09079,True
09080,True
09081,False
09082,True
09083,True
09084,True
09085,True
09086,True
09087,True
09088,True
09089,True
09090,False
09091,True
09092,True
09093,True
09094,True
09095,True
09096,True
09097,True
09098,True
09099,True
09100,True
09101,False
09102,True
09103,False
09104,False
09105,True
09106,True
09107,True
09108,True
09109,True
09110,True
09111,True
09113,True
09114,True
09115,True
09116,False
09117,False
09118,True
09119,True
09120,True
09121,True
09122,True
09123,True
09124,True
09125,True
09126,True
09127,True
09128,True
09129,True
09130,True
09131,True
09132,False
09133,True
09134,True
09136,True
09137,False
09138,True
09139,True
09140,True
09141,True
09142,True
09143,True
09145,False
09146,False
09147,False
09148,True
09149,True
09150,True
09151,True
09152,True
09153,True
09154,True
09155,True
09156,True
09157,True
09158,True
09159,True
09160,True
09161,True
09162,True
09163,False
09164,True
09165,True
09166,True
09167,True
09168,True
09169,True
09170,False
09171,True
09172,True
09173,False
09174,True
09175,False
09176,True
09177,False
09178,True
09179,False
09180,True
09181,True
09182,True
09183,True
09184,True
09185,False
09186,True
09187,True
09188,True
09189,True
09190,True
09192,True
09193,True
09194,True
09195,True
09196,True
09197,True
09198,True
09199,False
09200,True
09201,True
09202,False
09203,True
09204,True
09205,True
09206,True
09207,True
09208,True
09209,True
09210,True
09211,True
09212,True
09213,True
09214,True
09215,True
09216,True
09217,True
09218,True
09219,True
09220,True
09221,True
09222,True
09223,True
09224,True
09225,False
09226,True
09227,True
09228,True
09229,True
09230,True
09231,True
09232,True
09233,True
09234,True
09235,True
09236,True
09237,True
09238,False
09239,True
09240,True
09241,True
09242,True
09243,True
09244,True
09245,False
09246,True
09247,True
09249,True
09250,True
09251,True
09252,True
09253,True
09254,False
09255,False
09256,False
09257,True
09258,False
09259,True
09260,True
09261,True
09262,True
09263,True
09264,True
09265,False
09266,True
09267,True
09268,True
09269,True
09270,False
09271,False
09272,True
09273,True
09274,True
09275,False
09276,False
09277,True
09279,True
09280,True
09281,True
09282,False
09283,True
09284,False
09285,True
09287,True
09289,True
09290,True
09291,True
09292,True
09293,True
09294,True
09295,True
09296,True
09297,True
09298,True
09299,True
09300,True
09301,True
09303,True
09304,True
09305,True
09306,True
09307,True
09308,True
09309,True
09310,True
09311,True
09312,False
09313,True
09314,True
09315,False
09316,True
09318,True
09319,False
09320,True
09321,True
09322,True
09323,True
09324,False
09325,True
09326,True
09327,False
09328,True
09329,True
09330,True
09331,False
09332,False
09334,True
09335,True
09336,True
09338,True
09339,False
09340,False
09341,True
09342,True
10002,True
10003,True
10004,True
10005,True
10006,True
10007,True
10008,True
10009,True
10010,True
10011,True
10012,True
10013,False
10014,True
10015,True
10017,True
10018,True
10019,True
10020,True
10021,True
10022,True
10023,True
10024,True
10025,True
10026,True
10027,True
10028,True
10029,True
10030,False
10031,False
10032,True
10033,True
10034,True
10035,True
10037,True
10038,True
10039,True
10040,True
10041,True
10042,True
10043,True
10044,True
10045,True
10046,True
10047,True
10048,True
10049,False
10050,True
10051,False
10052,True
10053,False
10054,True
10055,True
10056,True
10057,False
10058,True
10059,True
10060,False
10061,True
10062,True
10063,True
10064,True
10065,True
10066,False
10067,False
10068,True
10069,True
10070,True
10071,True
10072,True
10073,True
10074,True
10075,True
10076,True
10077,True
10078,True
10079,True
10080,True
10081,False
10082,True
10083,True
10084,True
10085,True
10086,True
10087,True
10089,True
10090,True
10091,True
10092,True
10093,True
10094,True
10095,True
10096,True
10097,True
10098,True
10099,True
10100,False
10101,True
10102,True
10103,True
10104,False
10105,True
10106,False
10107,True
10108,True
10109,True
10110,False
10111,True
10112,True
10113,True
10114,False
10115,False
10116,False
10117,True
10118,True
10119,True
10120,True
10121,True
10122,True
10123,True
10124,True
10125,True
10126,True
10127,True
10128,True
10129,True
10130,True
10131,True
10132,True
10133,True
10134,True
10135,True
10136,True
10137,True
10138,True
10139,True
10140,True
10141,True
10142,False
10143,True
10144,True
10145,True
10146,True
10147,False
10148,False
10149,True
10150,True
10151,True
10153,False
10154,False
10155,True
10156,False
10157,True
10158,True
10159,True
10160,True
10161,True
10162,False
10163,True
10164,False
10165,True
10166,True
10167,True
10168,True
10169,False
10170,True
10171,True
10172,True
10173,False
10174,True
10175,True
10176,True
10177,False
10178,True
10179,False
10180,True
10181,True
10182,True
10183,True
10184,True
10185,True
10186,False
10187,True
10188,True
10189,True
10190,False
10191,False
10192,True
10193,True
10194,True
10195,True
10196,True
10197,True
10198,False
10199,True
10200,True
10201,True
10202,True
10203,True
10204,False
10205,True
10206,True
10207,True
10208,False
10209,False
10210,True
10211,False
10212,False
10213,True
10214,True
10215,True
10216,True
10217,True
10218,True
10219,True
10220,False
10221,True
10222,True
10223,True
10224,True
10225,False
10226,True
10227,True
10228,True
10229,False
10230,False
10231,False
10232,True
10233,True
10234,True
10235,True
10236,True
10237,True
10238,False
10239,True
10240,False
10241,True
10242,True
10243,True
10245,False
10246,False
10247,True
10248,False
10249,False
10250,True
10251,True
10252,True
10253,True
10254,False
10255,False
10256,True
10257,True
10258,True
10259,False
10260,False
10261,True
10262,True
10263,True
10264,True
10265,False
10266,True
10267,True
10268,False
10269,True
10270,True
10271,True
10272,True
10273,True
10274,True
10275,True
10276,True
10278,True
10279,True
10280,False
10281,False
10282,False
10283,True
10284,False
10285,True
10286,True
10287,True
10288,True
10289,True
10290,True
10291,False
10293,True
10294,True
10295,True
10296,True
10297,False
10298,False
10299,True
10300,True
10301,True
10302,True
10303,True
10304,True
10305,True
10306,True
10307,False
10308,True
10309,True
10310,True
10312,True
10313,True
10314,True
10315,True
10316,True
10317,True
10318,True
10319,True
10320,True
10321,False
10323,False
10324,False
10325,False
10326,True
10327,True
10328,True
10329,False
10330,True
10331,True
10332,False
10333,False
10334,False
10335,True
10336,False
10337,True
10338,True
10339,True
10340,False
10341,False
10342,False
10343,False
10344,False
10345,True
10346,True
10347,True
10348,True
10349,False
10350,True
10351,True
10352,False
10353,True
10354,True
10355,False
10356,True
10357,False
10358,True
10359,True
10360,False
10361,True
10362,False
10363,False
10364,True
10365,True
10366,True
10367,False
10368,True
10369,True
10370,False
10371,False
10372,True
10373,False
10374,True
10375,False
10376,True
10377,True
10378,True
10379,True
10380,True
10381,False
10382,False
10383,True
10384,True
10386,True
10387,False
10388,True
10389,True
10390,True
10391,False
10392,True
10393,True
10394,True
10395,True
10396,False
10397,True
10398,True
10399,True
10400,True
10401,True
10402,False
10403,True
10404,True
10405,True
10406,False
10408,True
10409,False
10410,True
10411,True
10412,False
10414,False
10416,False
10417,True
10418,True
10419,True
10420,False
10421,False
10422,True
10423,True
10424,True
10425,False
10426,True
10427,True
10428,True
10429,True
10430,True
10431,True
10432,True
10433,True
10434,False
10435,False
10436,True
10437,True
10438,True
10439,True
10440,True
10441,True
10442,True
10443,True
10444,True
10445,True
11001,False
11002,True
11003,True
11004,True
11005,False
11006,True
11007,True
11008,True
11009,False
11010,True
11011,False
11012,False
11013,True
11014,False
11015,True
11016,True
11017,True
11018,False
11019,True
11020,True
11021,True
11022,False
11023,False
11024,False
11025,False
11026,True
11027,False
11028,True
11029,True
11030,True
11031,True
11032,True
11033,True
11034,True
11035,True
11036,True
11037,False
11038,True
11039,True
11040,False
11041,False
11042,False
11043,False
11044,True
11045,True
11046,True
11047,True
11048,True
11049,True
11051,True
11052,True
11053,True
11054,True
11055,True
11056,False
11057,True
11058,True
11059,True
11060,True
11061,True
11062,True
11063,True
11064,True
11065,True
11066,True
11067,True
11068,False
11069,False
11070,True
11071,True
11072,True
11073,True
11074,True
11075,False
11076,True
11077,True
11078,True
11079,True
11080,True
11081,False
11082,True
11083,True
11084,False
11085,False
11086,False
11087,True
11088,False
11089,True
11090,True
11091,True
11092,False
11093,True
11094,True
11095,False
11096,True
11098,True
11099,False
11100,True
11101,True
11102,False
11103,True
11104,True
11105,True
11106,False
11107,True
11108,True
11109,True
11110,True
11111,True
11112,True
11113,True
11114,True
11115,True
11116,False
11117,True
11118,True
11119,True
11120,True
11121,True
11122,False
11123,True
11124,True
11125,True
11126,True
11127,True
11128,True
11129,True
11130,True
11131,True
11132,True
11133,True
11134,True
11135,True
11136,True
11137,True
11138,True
11139,True
11140,True
11141,True
11142,True
11143,True
11144,True
11145,False
11146,False
11147,True
11148,True
11149,True
11150,True
11151,False
11152,True
11153,True
11154,True
11155,True
11156,True
11157,True
11158,True
11159,True
11160,True
11161,True
11162,True
11163,True
11164,False
11165,True
11166,True
11167,True
11168,True
11169,True
11170,False
11172,True
11173,True
11174,True
11175,True
11176,True
11177,True
11178,True
11179,True
11180,True
11181,True
11182,True
11183,True
11184,True
11185,True
11186,True
11187,True
11188,False
11189,True
11190,False
11191,True
11192,True
11193,True
11194,True
11195,True
11196,True
11197,True
11198,False
11199,False
11200,False
11201,False
11202,False
11203,True
11204,True
11205,False
11206,True
11207,True
11208,True
11209,True
11210,True
11211,True
11212,False
11213,True
11214,True
11215,False
11216,True
11217,False
11218,True
11219,True
11220,False
11221,True
11222,True
11223,False
11224,True
11225,True
11226,True
11227,True
11228,True
11229,True
11230,True
11231,True
11232,True
11233,False
11234,True
11235,True
11236,True
11238,True
11239,True
11240,True
11241,True
11242,False
11243,True
11244,True
11245,True
11246,True
11247,True
11248,False
11249,True
11250,True
11251,True
11252,True
11253,False
11254,True
11255,False
11256,True
11257,False
11258,False
11259,False
11260,True
11261,True
11262,False
11263,True
11264,False
11265,True
11266,False
11267,True
11268,True
11269,False
11270,True
11271,True
11272,False
11273,True
11274,True
11275,True
11276,True
11277,True
11278,True
11279,False
11280,False
11281,True
11282,True
11283,True
11284,True
11285,False
11286,False
11287,True
11288,False
11289,True
11290,True
11291,True
11292,True
11293,True
11294,True
11295,False
11296,False
11297,True
11299,False
11300,True
11301,False
11302,True
11303,True
11304,True
11305,True
11306,True
11307,False
11308,False
11309,True
11310,True
11311,True
11312,True
11313,True
11314,True
11315,False
11316,True
11317,True
11318,True
11319,True
11320,True
11321,True
11322,False
11323,True
11324,True
11325,False
11326,True
11327,False
11328,True
11330,False
11331,True
11332,True
11333,True
11334,True
11335,True
11336,True
11337,True
11338,True
11339,True
11340,False
11341,True
11342,False
11343,True
11344,True
11345,True
11346,True
11347,True
11348,True
11350,True
11351,True
11352,True
11353,False
11354,True
11355,True
11356,True
11357,False
11358,True
11359,True
11360,False
11361,True
11362,True
11363,True
11364,True
11365,True
11366,False
11367,True
11368,False
11369,False
11370,False
11371,True
11372,True
11373,True
11374,True
11375,True
11376,True
11377,True
11378,True
11379,False
11380,True
11381,True
11382,True
11383,True
11384,True
11385,True
11386,True
11387,True
11388,True
11389,True
11390,True
11391,True
11392,True
11393,True
11394,True
11395,True
11396,False
11397,False
11398,False
11399,True
11400,True
11401,True
11402,True
11404,False
11405,False
11406,True
11407,True
11408,True
11409,True
11410,False
11411,True
11412,True
11413,True
11414,True
11415,True
11416,False
11417,True
11418,True
11419,True
11420,True
11421,False
11422,False
11423,True
11424,True
11425,False
11426,False
11427,True
11428,True
11429,False
11430,True
11431,True
11432,True
11433,False
11434,True
11435,True
11436,True
11437,False
11438,True
11439,True
11440,True
11441,False
12001,True
12002,True
12003,True
12004,True
12006,True
12007,True
12008,True
12009,True
12010,True
12011,True
12012,True
12013,True
12015,True
12016,True
12017,True
12018,True
12019,True
12021,True
12022,True
12023,True
12024,True
12025,True
12026,True
12027,True
12028,True
12029,True
12030,True
12031,True
12032,True
12033,True
12034,True
12035,True
12036,True
12037,True
12038,True
12039,True
12041,True
12042,True
12043,True
12044,True
12045,True
12046,True
12047,True
12048,True
12049,True
12050,True
12051,True
12052,True
12053,True
12054,True
12055,True
12056,True
12057,True
12058,True
12059,True
12060,True
12061,True
12062,True
12063,True
12064,True
12065,True
12066,True
12067,True
12068,True
12069,True
12070,True
12071,True
12072,True
12073,True
12074,True
12075,True
12076,True
12077,True
12078,True
12079,True
12080,True
12082,True
12083,True
12084,True
12085,True
12086,True
12088,True
12089,True
12090,True
12091,True
12092,True
12093,True
12094,True
12095,True
12096,True
12097,True
12098,True
12099,True
12100,True
12101,True
12102,True
12103,True
12104,True
12105,True
12106,True
12107,True
12108,True
12109,True
12110,True
12111,True
12113,True
12115,True
12116,True
12118,True
12119,True
12120,True
12121,True
12122,True
12124,True
12125,True
12127,True
12128,True
12129,True
12130,True
12131,True
12133,True
12134,True
12135,True
12136,True
12137,True
12138,True
12139,True
12140,True
12141,True
12142,True
12143,True
12144,True
12145,True
12146,True
12147,True
12148,True
12149,True
12150,True
12151,True
12152,True
12153,True
12154,True
12155,True
12156,True
12157,True
12158,True
12159,True
12160,True
12161,True
12162,True
12163,True
12164,True
12165,True
12166,True
12167,True
12168,True
12169,True
12170,True
12171,True
12172,True
12174,True
12175,True
12176,True
12177,True
12178,True
12179,True
12180,True
12181,True
12182,True
12183,True
12184,True
12185,True
12186,True
12187,True
12188,True
12189,True
12190,True
12191,True
12192,True
12193,True
12194,True
12195,True
12197,True
12198,True
12199,True
12200,True
12201,True
12202,True
12203,True
12204,True
12205,True
12206,True
12207,True
12208,True
12209,True
12210,True
12211,True
12212,True
12213,True
12214,True
12215,True
12216,True
12217,True
12219,True
12220,True
12221,True
12222,True
12223,True
12224,True
12225,True
12226,True
12227,True
12228,True
12229,True
12230,True
12231,True
12232,True
12233,True
12234,True
12235,True
12236,True
12237,True
12238,True
12239,True
12240,True
12241,True
12242,True
12243,True
12244,True
12246,True
12247,True
12248,True
12249,True
12250,True
12251,True
12252,True
12253,True
12254,True
12255,True
12256,True
12257,True
12258,True
12259,True
12260,True
12261,True
12262,True
12263,True
12264,True
12265,True
12266,True
12267,True
12268,True
12269,True
12270,True
12272,True
12273,True
12274,True
12275,True
12276,True
12277,True
12278,True
12280,True
12281,True
12282,True
12283,True
12284,True
12286,True
12287,True
12288,True
12289,True
12290,True
12291,True
12292,True
12293,True
12294,True
12295,True
12296,True
12297,True
12298,True
12299,True
12300,True
12301,True
12303,True
12305,True
12307,True
13001,False
13002,False
13003,False
13004,True
13005,False
13006,False
13007,False
13008,False
13009,False
13010,False
13011,False
13012,False
13013,False
13014,False
13015,False
13016,False
13017,True
13018,False
13019,False
13020,False
13021,False
13022,False
13023,False
13024,False
13025,False
13026,False
13027,False
13028,False
13029,False
13030,False
13031,False
13032,False
13033,False
13034,False
13035,False
13036,False
13037,False
13038,False
13039,False
13040,False
13041,False
13042,False
13043,False
13044,False
13045,False
13046,False
13047,False
13048,False
13049,False
13050,False
13051,False
13052,False
13053,False
13054,False
13055,False
13056,False
13057,False
13058,False
13059,False
13060,False
13061,True
13062,False
13063,False
13064,False
13065,False
13066,False
13067,False
13068,False
13069,False
13070,False
13071,False
13072,False
13073,False
13074,False
13075,False
13076,False
13077,False
13078,False
13079,False
13080,False
13081,False
13082,False
13083,False
13084,False
13085,False
13086,False
13087,False
13088,False
13089,False
13090,False
13091,False
13092,False
13093,False
13094,False
13095,False
13096,True
13097,True
13098,False
13099,False
13100,False
13101,False
13102,False
13103,False
13104,False
13105,False
13106,False
13107,False
13108,True
13109,False
13110,False
13111,False
13112,False
13113,False
13114,False
13115,False
13116,False
13117,False
13118,False
13119,False
14001,False
14003,False
14005,False
14006,False
14007,True
14009,False
14011,True
14012,False
14014,False
14015,False
14016,False
14019,False
14020,False
14021,False
14022,False
14023,True
14024,False
14025,True
14026,False
14027,True
14030,False
14032,False
14033,True
14034,False
14035,True
14036,False
14037,True
14038,False
14039,False
14040,False
14041,False
14042,False
14043,True
14044,False
14045,False
14046,False
14047,False
14049,False
14050,True
14053,True
14054,True
14055,False
14057,False
14059,False
14060,False
14061,True
14062,False
14063,True
14064,True
14066,False
14068,False
14069,False
14070,True
14076,False
14077,False
14078,True
14079,False
14080,False
14082,False
14083,True
14084,True
14085,False
14086,False
14087,True
14088,True
14089,False
14090,False
14091,False
14092,False
14093,False
14096,True
14097,False
14098,False
14100,False
14101,False
14102,False
14103,True
14104,False
14106,False
14107,True
14110,False
14111,False
14116,False
14117,False
14118,False
14119,False
14120,True
14121,True
14122,False
14123,False
14124,True
14125,False
14126,True
14127,True
14130,False
14131,False
14132,True
14134,False
14135,False
14136,True
14137,False
14138,True
14140,True
14141,False
14143,True
14145,False
14146,False
14147,False
14149,False
14150,False
14159,False
14160,False
14161,False
14162,False
14163,False
14165,True
14166,False
14167,False
14168,True
14169,False
14171,False
14172,False
14173,False
14174,True
14175,False
14177,False
14179,False
14180,True
14181,False
14182,True
14183,False
14184,False
14190,True
14191,False
14193,False
14194,False
14195,True
14196,False
14197,False
14198,False
14200,False
14202,False
14203,False
14204,True
14205,False
14206,True
14207,False
14209,True
14211,False
14214,False
14215,False
14216,True
14218,False
14220,False
14221,False
14223,True
14224,True
14225,False
14226,False
14227,False
14228,False
14229,False
14230,True
14231,True
14232,False
14236,False
14237,False
14238,False
14239,True
14240,True
14241,True
14242,False
14243,False
14244,True
14245,True
14246,False
14248,False
14249,False
14250,False
14251,False
14252,False
14254,False
14256,True
14257,False
14258,True
14260,False
14261,False
14266,False
14269,False
14270,False
14271,False
14272,True
14273,False
14274,False
14275,False
14276,True
14277,False
14278,False
14280,True
14281,True
14282,True
14283,True
14284,True
14285,True
14286,False
14287,False
14288,False
14289,True
14290,False
14291,False
14293,False
14297,False
14298,True
14299,False
14300,True
14301,False
14302,False
14303,False
14304,False
14305,False
14306,False
14308,False
14309,False
14310,False
14311,False
14312,True
14316,False
14318,False
14319,False
14320,False
14322,False
14325,False
14326,False
14327,False
14328,False
14329,False
14332,True
14333,False
14334,False
14335,True
14336,False
14337,False
14338,False
14341,False
14342,True
14343,True
14344,False
14345,True
14346,False
14347,True
14348,False
14349,False
14352,True
14353,True
14354,False
14355,False
14357,True
14358,True
14360,True
14362,False
14364,False
14365,False
14366,False
14367,True
14368,False
14369,True
14370,True
14371,False
14374,True
14375,True
14377,False
14378,True
14379,True
14380,False
14381,True
14383,False
14384,False
14385,False
14389,True
14390,True
14391,True
14393,False
14394,True
14396,False
14397,True
14398,True
14399,False
14400,False
14401,False
14402,True
14403,False
14404,False
14405,True
14406,False
14407,False
14408,False
14409,False
14410,False
14411,False
14412,True
14419,False
14421,False
14424,True
14425,False
14426,False
14427,True
14430,False
14431,False
14435,False
14436,False
14437,False
14438,False
14439,True
14445,True
14446,False
14448,True
14449,True
14452,True
14453,True
14454,False
14455,False
14456,False
14457,True
14458,False
14460,False
14461,False
14465,False
14466,False
14467,True
14468,True
14469,True
14473,True
14474,True
14475,True
14476,True
14478,False
14480,True
14482,False
14483,False
14484,False
14486,True
14487,False
14488,False
14491,True
14492,False
14494,False
14495,False
14496,True
14497,True
14498,True
14499,False
14500,False
14501,True
14502,True
14504,False
14506,True
14509,False
14510,False
14511,True
14512,True
14514,False
14515,False
14516,True
14519,False
14520,False
14522,False
14524,False
14527,False
14528,False
14529,False
14530,False
14531,True
14533,True
14534,False
14535,False
14536,False
14538,False
14540,False
14541,True
14542,False
14543,False
14546,True
14547,True
14550,True
14552,False
14554,False
14555,False
14556,False
14557,False
14558,False
14559,True
14562,False
14563,False
14565,False
14566,False
14569,False
14570,False
14571,False
14572,True
14574,False
14575,False
14576,False
14578,False
14579,True
14582,False
14586,True
14587,False
14588,True
14589,False
14590,True
14591,True
14592,False
14593,False
14595,False
14598,False
14601,False
14602,False
14603,False
14605,True
14606,False
14607,True
14609,False
14610,False
14613,True
14614,True
14619,True
14620,False
14621,False
14622,True
14623,False
14625,False
14626,False
14627,True
14630,False
14635,False
14637,False
14639,True
14640,False
14643,True
14644,False
14645,False
14646,True
14648,False
14649,True
14650,True
14651,False
14652,True
14654,False
14656,False
14657,False
14658,True
14659,False
14660,False
14661,False
14663,False
14664,True
14665,False
14666,False
14667,True
14668,True
14669,True
14672,True
14674,False
14675,False
14676,False
14677,True
14678,True
14679,False
14680,False
14681,True
14682,False
14684,False
14685,False
14687,False
14689,False
14692,False
14694,False
14698,False
14699,False
14700,True
14701,False
14705,True
14706,False
14707,False
14708,True
14709,False
14710,True
14711,True
14712,False
14713,False
14714,True
14715,False
14716,True
14719,False
14720,True
14721,False
14723,True
14724,False
14726,True
14728,False
14731,False
14732,False
14733,False
14734,False
14735,True
14737,True
14738,False
14739,False
14740,False
14741,False
14742,True
14743,True
14744,False
14745,True
14747,False
14748,False
14751,True
14752,True
14753,True
14754,False
14755,False
14756,True
14758,False
14759,True
14760,True
14761,False
14762,True
14764,True
15001,True
15002,True
15003,True
15004,True
15005,True
15006,True
15007,True
15008,True
15009,True
15010,True
15011,True
15012,False
15013,True
15014,False
15015,True
15016,True
15017,True
15018,True
15019,True
15020,True
15021,True
15022,True
15024,True
15025,True
15026,True
15027,True
15028,True
15029,True
15030,True
15032,True
15033,True
15034,True
15036,True
15037,True
15038,True
15040,True
15041,True
15042,True
15043,True
15045,True
15046,True
15048,True
15049,True
15050,True
15051,True
15052,True
15053,True
15054,True
15055,True
15056,False
15057,True
15058,True
15059,True
15060,True
15061,True
15063,True
15064,True
15065,True
15066,True
15067,True
15069,True
15070,True
15072,True
15073,True
15074,True
15075,True
15076,True
15077,True
15078,True
15079,True
15080,True
15081,True
15082,True
15083,False
15084,True
15085,True
15086,True
15087,True
15088,True
15089,True
15090,True
15091,True
15092,True
15093,True
15094,True
15095,True
15096,True
15097,True
15098,True
15100,True
15101,True
15102,True
15103,True
15104,True
15105,True
15106,True
15107,True
15108,True
15110,True
15111,True
15112,True
15113,True
15114,True
15116,True
15117,True
15118,True
15119,True
15120,True
15121,True
15122,True
15123,True
15124,True
15125,True
15126,True
15127,True
15128,True
15129,True
15130,True
15131,True
15132,True
15133,True
15134,True
15135,True
15137,True
15138,True
15139,True
15140,False
15141,True
15142,True
15143,True
15144,True
15146,True
15147,True
15148,True
15149,True
15151,True
15152,True
15153,True
15154,True
15155,True
15156,True
15157,True
15158,True
15159,True
15160,False
15161,True
15162,True
15163,True
15164,True
15165,True
15166,True
15167,True
15168,True
15169,True
15170,True
15172,True
15173,True
15174,True
15175,True
15176,True
15178,True
15179,True
15180,True
15181,True
15182,True
15183,True
15184,True
15185,True
15186,True
15187,True
15188,True
15189,True
15190,True
15191,True
15192,True
15194,True
15196,True
15198,True
15199,True
15200,True
15201,True
15202,True
15203,True
15204,False
15205,True
15206,True
15207,True
15208,True
15209,True
15211,True
15212,True
15213,True
15214,True
15215,True
15216,True
15217,True
15218,True
15219,True
15220,True
15221,False
15222,True
15223,True
15224,True
15225,True
15226,True
15228,True
15229,True
15230,True
15231,True
15232,True
15233,False
15234,True
15235,True
15236,True
15237,True
15238,True
15240,True
15241,True
15242,True
15243,True
15244,True
15245,True
15246,True
15247,True
15248,True
15249,True
15250,True
15251,True
15252,True
15253,True
15254,True
15255,False
15256,True
15257,True
15258,True
15259,True
15260,True
15261,True
15262,True
15263,True
15264,True
15265,True
15266,True
15267,False
15268,True
15269,True
16001,True
16002,True
16003,True
16005,True
16007,True
16008,True
16009,True
16010,False
16011,True
16012,False
16013,False
16014,True
16015,False
16016,True
16018,False
16019,False
16020,True
16023,True
16024,True
16025,True
16026,False
16027,True
16028,True
16029,True
16030,True
16031,True
16032,False
16034,True
16035,True
16036,True
16037,True
16038,True
16039,True
16040,True
16041,True
16042,True
16044,True
16045,False
16046,True
16047,True
16048,True
16049,True
16050,False
16052,True
16053,True
16054,True
16055,False
16056,False
16057,False
16058,False
16059,True
16060,False
16061,False
16062,True
16063,True
16064,True
16065,True
16066,True
16067,True
16068,True
16069,True
16070,True
16071,True
16072,True
16073,True
16074,True
16075,True
16076,True
16077,False
16078,False
16079,True
16081,True
16082,True
16083,True
16084,True
16085,True
16086,True
16087,True
16088,False
16089,False
16090,False
16091,True
16093,True
16095,True
16096,True
16097,False
16098,True
16099,True
16100,True
16101,True
16102,False
16103,True
16104,True
16105,True
16106,True
16107,True
16108,True
16109,True
16110,True
16111,True
16112,True
16113,False
16114,True
16116,False
16117,True
16118,True
16119,True
16120,False
16121,True
16122,True
16123,True
16124,True
16125,True
16127,True
16128,True
16130,True
16131,True
16132,True
16133,True
16134,True
16135,True
16136,True
16137,True
16138,False
16139,False
16140,True
16141,True
16142,True
16143,True
16144,True
16145,False
16146,False
16147,True
16148,True
16150,False
16151,False
16152,False
16153,False
16154,False
16155,True
16157,True
16158,True
16160,True
16161,True
16162,True
16163,False
16164,True
16165,False
16166,False
16167,False
16168,False
16169,False
16170,True
16171,False
16173,True
16174,False
16175,True
16176,True
16177,True
16178,True
16180,True
16181,True
16182,True
16183,True
16184,True
16185,True
16186,False
16187,False
16188,True
16189,True
16190,True
16191,True
16192,True
16193,False
16194,True
16195,True
16196,True
16197,True
16198,True
16199,False
16200,True
16203,True
16204,False
16205,True
16206,True
16207,True
16208,True
16209,True
16210,False
16211,True
16212,True
16213,True
16215,True
16216,False
16217,False
16218,False
16220,False
16221,True
16222,True
16223,True
16224,True
16225,True
16226,True
16227,True
16229,True
16230,True
16231,True
16232,False
16233,False
16234,False
16236,False
16237,True
16238,True
16239,True
16240,True
16241,True
16242,True
16243,False
16244,False
16245,True
16246,True
16248,True
16249,True
16250,True
16251,True
16252,True
16253,True
16254,True
16255,True
16256,True
16258,True
16260,True
16261,True
16263,False
16264,True
16267,True
16268,True
16269,True
16270,True
16271,False
16272,True
16273,True
16275,True
16276,True
16277,False
16279,True
16280,True
16281,True
16282,True
16283,True
16284,True
16285,True
16286,True
16287,False
16289,True
16290,True
16291,False
16292,True
16293,True
16295,True
16297,False
16298,True
16300,True
16301,True
16302,True
16303,True
16304,False
16306,True
16307,True
16308,True
16310,True
16312,True
16315,True
16316,False
16317,True
16318,True
16320,True
16321,True
16323,True
16325,True
16326,True
16329,True
16330,False
16331,True
16334,True
16335,True
16336,True
16337,True
16338,True
16339,True
16340,False
16341,False
16342,True
16343,False
16345,True
16346,True
16347,True
16348,False
16349,False
16350,True
16352,False
16353,True
16354,True
16355,False
16356,True
16357,True
16358,False
16359,False
16360,True
16361,True
16362,True
16363,True
16364,True
16365,True
16366,False
16368,True
16369,False
16370,False
16372,True
16373,True
16374,False
16375,True
16377,True
16378,True
16379,True
16380,True
16381,True
16382,True
16383,True
16384,True
16385,False
16387,False
16388,False
16389,True
16390,True
16392,True
16393,True
16394,True
16395,True
16396,True
16397,True
16398,True
16399,False
16400,True
16401,True
16402,False
16403,True
16404,True
16405,True
16406,True
16408,True
16409,True
16412,True
16413,True
16414,True
16415,False
16416,True
16418,False
16419,True
16420,True
16421,True
16422,False
16423,True
16424,True
16425,True
17002,True
17003,False
17004,False
17005,True
17006,True
17007,False
17008,False
17009,False
17010,False
17011,True
17012,True
17013,True
17015,False
17016,True
17017,True
17018,False
17019,False
17020,True
17021,False
17022,True
17023,True
17024,True
17025,True
17026,True
17027,True
17028,False
17029,True
17030,True
17031,True
17032,False
17033,True
17034,False
17035,True
17036,False
17037,True
17038,True
17039,True
17041,False
17042,True
17043,True
17044,True
17045,True
17046,True
17047,True
17048,True
17049,True
17050,True
17051,False
17052,True
17053,True
17054,True
17055,True
17056,True
17057,False
17058,False
17059,False
17060,False
17061,True
17062,True
17063,False
17064,False
17065,False
17066,True
17067,True
17068,False
17069,True
17070,True
17071,True
17072,False
17073,False
17074,True
17075,False
17076,True
17077,True
17078,True
17079,False
17080,False
17081,True
17082,True
17083,False
17084,True
17085,True
17086,False
17087,True
17089,False
17091,False
17092,True
17093,False
17094,False
17095,True
17096,True
17097,False
17098,False
17099,True
17100,False
17101,True
17102,False
17104,True
17105,True
17106,True
17107,False
17108,True
17109,False
17110,True
17111,True
17112,False
17113,True
17114,True
17115,False
17116,True
17117,True
17118,True
17119,False
17120,False
17121,False
17122,True
17124,True
17125,True
17126,True
17127,False
17128,False
17129,True
17130,True
17131,False
17132,False
17133,True
17134,True
17135,True
17136,False
17137,True
17138,True
17139,True
17140,False
17141,False
17142,False
17143,False
17145,True
17146,False
17147,False
17148,False
17149,True
17150,True
17151,False
17152,False
17153,False
17154,True
17155,False
17156,True
17157,True
17158,False
17159,True
17160,False
17161,False
17162,True
17163,True
17164,False
17165,True
17166,False
17167,True
17168,False
17171,True
17172,True
17173,True
17174,True
17175,True
17176,True
17177,True
17178,True
17179,False
17180,True
17181,True
17182,False
17183,False
17184,False
17185,False
17186,False
17187,True
17188,True
17190,False
17191,False
17192,True
17193,False
17194,False
17195,True
17196,True
17197,True
17198,True
17199,True
17200,False
17201,False
17202,True
17203,False
17204,True
17205,False
17206,True
17207,False
17208,False
17209,True
17210,True
17211,True
17212,True
17213,True
17214,False
17215,True
17216,False
17217,True
17218,False
17219,False
17220,True
17221,False
17222,False
17223,True
17224,True
17225,False
17226,True
17227,True
17228,False
17229,True
17230,False
17231,True
17232,True
17233,True
17234,True
17235,False
17236,True
17237,False
17239,True
17240,True
17241,True
17242,False
17243,True
17244,True
17245,False
17246,False
17247,False
17248,False
17249,True
17250,True
17252,True
17253,False
17254,True
17255,True
17256,True
17257,True
17258,True
17259,True
17260,True
17261,True
17262,True
17263,True
17264,False
17265,False
17266,True
17267,False
17268,True
17269,True
17270,True
17271,True
17273,True
17274,False
17275,False
17276,True
17277,True
17278,False
17279,True
17280,True
17281,True
17282,True
17283,True
17284,True
17285,True
17286,False
17287,True
17288,True
17289,False
17290,True
17291,False
17292,True
17293,False
17294,True
17295,True
17296,True
17297,False
17298,True
17299,False
17300,False
17301,True
17302,True
17303,False
17304,True
17305,True
17306,False
17307,False
17308,False
17309,True
17310,True
17311,False
17312,True
17313,False
17314,False
17315,False
17316,True
17317,True
17318,False
17319,True
17320,False
17321,True
17322,False
17323,False
17324,True
17325,True
17326,True
17327,True
17328,True
17329,False
17330,True
17331,True
17332,True
17333,False
17334,True
17335,True
17336,False
17337,False
17338,False
17339,True
17340,False
17341,True
17342,True
17343,True
17344,True
17345,True
17346,False
17347,True
17348,False
17349,False
17350,True
17351,False
17353,False
17354,True
17355,True
17356,True
17357,True
17358,True
17359,False
17360,False
17361,True
17362,True
17363,True
17364,True
17365,True
17366,True
17367,True
17369,False
17372,True
17373,False
17374,True
17375,False
17376,False
17377,True
17378,True
17379,True
17380,False
17381,True
17382,False
17383,True
17384,True
17385,False
17386,True
17387,True
17388,True
17389,True
17390,True
17391,False
17393,False
17394,False
17395,False
17396,False
17397,True
17398,True
17400,False
17401,True
17402,True
17403,True
17404,True
17405,True
17406,False
17407,False
17408,True
17409,False
17410,True
17411,False
17412,False
17413,False
17414,False
17415,False
17416,True
17417,True
17418,True
17420,False
17421,False
17422,True
17423,True
17424,True
17425,False
17426,False
17427,True
17428,True
17429,False
17430,True
17431,True
17432,True
17433,True
17434,False
17435,True
17436,True
17437,False
17438,True
17439,False
17440,True
17441,True
17442,True
17443,False
17444,False
17445,True
17446,True
17447,False
17448,True
17449,False
17450,True
17451,True
17452,False
17453,True
17454,True
17455,True
17457,True
17458,True
17459,True
17460,False
17461,False
17462,False
17463,False
17464,True
17465,True
17466,False
17467,True
17468,True
17469,True
17470,False
17471,True
17472,False
17473,True
17474,True
17476,True
17477,True
17478,True
17479,True
17480,False
17481,True
17482,False
17483,False
17484,False
17485,False
17486,False
18001,True
18002,True
18003,False
18004,False
18005,False
18006,False
18007,True
18008,False
18009,True
18010,True
18011,True
18012,True
18013,True
18014,True
18015,True
18016,True
18017,True
18018,True
18019,False
18020,True
18021,True
18022,True
18023,True
18024,True
18025,True
18026,False
18027,True
18028,False
18029,True
18030,True
18031,True
18032,False
18033,False
18034,True
18035,False
18036,True
18037,True
18038,True
18039,True
18040,True
18041,True
18042,True
18043,True
18044,True
18045,True
18046,True
18047,True
18048,True
18049,True
18050,False
18051,True
18052,True
18053,True
18054,True
18055,True
18056,True
18057,True
18058,True
18059,True
18060,True
18061,True
18062,True
18063,True
18064,True
18065,True
18066,False
18067,True
18068,True
18069,True
18070,True
18071,True
18072,True
18073,True
18074,True
18075,True
18076,True
18077,True
18078,True
18079,True
18080,True
18081,True
18082,True
18083,True
18084,True
18085,True
18086,True
18087,True
18088,True
18089,True
18090,True
18091,True
18092,True
18093,True
18094,True
18095,True
18096,False
18097,False
18098,True
18099,True
18100,True
18101,True
18102,True
18103,True
18104,True
18105,True
18106,True
18107,True
18108,True
18109,True
18110,True
18111,True
18112,True
18113,True
18114,True
18115,True
18116,True
18117,True
18118,True
18119,True
18120,True
18121,True
18122,True
18124,True
18125,False
18126,True
18127,True
18128,True
18129,True
18130,True
18131,True
18132,True
18133,False
18134,True
18135,True
18136,True
18137,True
18138,False
18139,True
18140,True
18141,False
18142,True
18143,True
18144,True
18145,False
18146,True
18147,True
18148,True
18149,True
18150,False
18151,True
18152,True
18153,True
18154,True
18155,True
18156,True
18157,False
18158,True
18159,True
18160,True
18161,True
18162,True
18163,True
18164,True
18165,True
18166,True
18167,True
18168,True
18169,True
18170,True
18171,True
18172,True
18173,True
18174,True
18175,True
18176,False
18177,True
18178,True
18179,False
18180,False
18181,False
18182,True
18183,True
18184,True
18185,True
18186,True
18187,True
18188,False
18189,False
18190,True
18191,True
18192,True
18193,True
18194,False
18195,True
18196,True
18197,True
18198,True
18199,True
18200,True
18201,False
18202,True
18203,True
18204,True
18205,False
18206,False
18207,False
18208,False
18209,True
18210,True
18211,False
18212,True
18213,False
18214,True
18215,True
18216,True
18217,True
18218,False
18219,True
18220,True
18221,True
18223,False
18224,True
18225,True
18226,False
18227,True
18228,True
18229,False
18230,True
18231,True
18232,True
18233,True
18234,True
18235,False
18236,True
18237,True
18238,True
18240,True
18241,True
18242,True
18243,False
18244,False
18245,True
18246,False
18247,True
18248,True
18249,True
18250,True
18251,True
18252,True
18253,False
18254,True
18255,False
18256,True
18257,False
18258,True
18259,True
18260,True
18261,True
18262,True
18263,False
18264,True
18265,True
18266,True
18267,False
18268,True
18269,True
18270,True
18271,False
18272,True
18273,True
18274,True
18275,True
18276,True
18277,True
18278,True
18279,False
18280,False
18281,True
18282,True
18283,True
18284,True
18285,False
18286,True
18287,True
18288,True
18289,True
18290,True
19001,True
19002,True
19003,True
19004,True
19005,False
19006,True
19007,True
19008,True
19009,True
19010,True
19011,True
19012,True
19013,True
19014,True
19015,False
19016,True
19017,True
19018,True
19019,True
19020,True
19021,True
19022,True
19023,True
19024,True
19025,True
19026,True
19027,True
19028,True
19029,True
19030,False
19031,False
19033,True
19034,True
19035,False
19036,True
19037,True
19038,True
19039,True
19040,True
19041,True
19042,True
19043,False
19044,True
19045,True
19046,True
19047,False
19048,True
19049,False
19050,True
19051,True
19052,True
19053,True
19054,True
19055,True
19056,True
19057,True
19058,True
19059,True
19060,True
19061,True
19062,True
19063,False
19064,True
19065,True
19066,False
19067,True
19068,False
19069,True
19070,True
19071,True
19072,False
19073,True
19074,True
19075,True
19076,True
19077,False
19078,True
19079,True
19080,True
19081,True
19082,True
19083,True
19084,True
19085,False
19086,True
19087,True
19088,True
19089,True
19090,True
19091,True
19092,True
19093,False
19094,False
19095,True
19096,True
19097,True
19098,True
19099,True
19100,True
19101,True
19102,True
19103,True
19104,True
19105,True
19106,True
19107,False
19108,True
19109,False
19110,True
19111,True
19112,True
19113,True
19114,True
19115,True
19116,True
19117,False
19118,True
19119,True
19120,False
19121,True
19122,True
19123,False
19124,False
19125,True
19126,True
19128,True
19129,True
19130,True
19131,True
19132,True
19133,True
19134,True
19135,True
19136,True
19137,True
19138,True
19139,True
19140,True
19141,True
19142,True
19143,True
19144,True
19145,True
19146,True
19147,False
19148,True
19149,True
19150,True
19151,False
19152,True
19153,False
19154,True
19155,True
19156,True
19157,True
19158,True
19159,True
19160,True
19161,False
19162,True
19163,True
19164,True
19165,True
19166,True
19167,True
19168,True
19169,True
19170,True
19171,True
19172,True
19173,True
19174,True
19175,True
19176,True
19177,False
19178,False
19179,True
19180,True
19181,True
19182,False
19184,True
19186,True
19187,False
19188,True
19189,True
19190,True
19191,False
19192,True
19193,True
19194,True
19195,False
19196,False
19198,True
19199,True
19200,True
19201,True
19202,False
19203,True
19204,True
19205,True
19206,True
19207,True
19208,True
19209,True
19210,True
19211,True
19212,True
19213,True
19214,True
19215,True
19216,True
19217,True
19219,True
19220,True
19221,True
19222,True
19223,True
19225,True
19226,True
19227,True
19228,True
19229,False
19230,True
19231,True
19232,True
19233,True
19234,False
19235,True
19236,True
19237,True
19238,True
19239,False
19240,True
19241,True
19242,False
19243,True
19244,True
19245,True
19246,False
19247,True
19248,True
19249,True
19250,True
19251,True
19252,True
19253,False
19254,True
19255,True
19256,True
19257,True
19258,True
19259,True
19260,True
19261,True
19262,True
19263,True
19264,True
19265,True
19266,True
19268,True
19269,True
19270,True
19271,True
19272,True
19273,True
19274,False
19275,True
19276,True
19277,True
19278,False
19279,False
19280,True
19281,True
19283,True
19284,True
19285,True
19286,False
19287,True
19288,False
19289,False
21001,False
21002,True
21003,False
21004,True
21005,False
21006,True
21007,True
21008,True
21009,True
21010,False
21011,True
21012,True
21013,False
21014,True
21015,True
21016,False
21017,False
21018,False
21020,True
21021,False
21022,False
21023,True
21024,True
21025,True
21026,True
21027,False
21028,False
21029,True
21030,True
21031,True
21032,False
21033,True
21034,True
21035,True
21036,True
21037,False
21038,False
21039,False
21040,True
21041,True
21042,True
21043,True
21044,True
21045,False
21046,True
21047,True
21048,False
21049,True
21050,False
21051,True
21052,True
21053,False
21054,False
21055,True
21056,False
21057,False
21058,True
21059,False
21060,False
21061,True
21062,True
21063,True
21064,True
21065,True
21066,True
21067,False
21068,True
21069,True
21070,False
21071,False
21072,False
21074,False
21075,True
21076,False
21077,True
21078,True
21079,False
21080,True
21081,True
21082,True
21083,True
21084,True
21085,True
21086,False
21087,True
21088,False
21089,True
21090,True
21091,True
21092,False
21093,True
21094,True
21095,True
21096,True
21097,True
21098,True
21099,False
21100,True
21101,True
21102,True
21103,True
21104,True
21105,False
21106,False
21107,False
21108,True
21109,True
21110,False
21111,False
21112,True
21113,False
21114,True
21115,True
21116,True
21117,True
21118,True
21119,True
21120,True
21121,True
21122,True
21123,True
21124,True
21125,True
21126,False
21127,False
21128,True
21129,True
21130,False
21131,True
21132,False
21133,False
21134,True
21135,False
21136,True
21137,True
21138,False
21139,True
21140,True
21141,True
21142,True
21143,True
21144,True
21145,True
21146,False
21147,True
21148,True
21149,True
21150,False
21151,True
21152,True
21153,True
21154,True
21155,True
21156,True
21157,True
21158,True
21159,True
21160,True
21161,True
21162,False
21163,True
21164,True
21165,True
21166,False
21167,False
21168,True
21169,False
21170,False
21171,False
21172,True
21173,False
21175,False
21176,True
21177,True
21178,False
21179,False
21180,False
21181,True
21182,False
21183,False
21184,True
21185,False
21186,False
21187,True
21189,False
21190,False
21191,False
21192,False
21193,False
21194,False
21195,False
21196,False
21197,True
21198,True
21199,True
21200,False
21201,True
21202,True
21203,True
21204,True
21205,True
21207,True
21208,False
21209,False
21210,True
21211,False
21212,True
21214,True
21215,False
21216,True
21217,False
21218,True
21219,False
21220,True
21221,True
21222,True
21223,False
21224,True
21225,True
21226,True
21227,False
21228,False
21229,True
21230,False
21231,False
21232,True
21233,False
21234,True
21235,True
21236,False
21237,True
21238,True
21239,True
21240,False
21241,False
21242,False
21243,True
21244,True
21245,False
21246,False
21247,True
21248,True
21249,True
21250,True
21251,True
21252,True
21253,True
21254,False
21255,False
21256,False
21257,True
21258,True
21259,True
21260,True
21261,False
21262,True
21263,False
21264,True
21265,False
21266,False
21267,False
21268,False
21269,False
21270,False
21271,True
21272,True
21273,False
21274,True
21275,True
21276,True
21277,True
21278,False
21279,True
21280,True
21281,True
21282,True
21283,True
21284,True
21285,True
21286,True
21287,True
21288,True
21289,False
21290,False
21291,True
21292,False
21293,False
21294,False
21295,False
21296,True
21297,False
21298,True
21299,True
21300,False
21301,True
21302,True
21303,True
21304,True
21305,True
21306,True
21307,True
21308,True
21309,True
21310,True
21311,True
21312,True
21313,True
21314,True
21315,False
21316,False
21317,False
21319,False
21320,False
21321,True
21322,True
21323,False
21324,True
21325,True
21326,True
21327,False
21328,True
21329,True
21330,False
21331,False
21332,True
21333,True
21334,True
21335,True
21336,True
21337,False
21338,True
21339,False
21340,True
21341,True
21342,True
21343,True
21344,True
21345,True
21346,True
21347,False
21348,True
21349,True
21350,True
21351,False
21352,False
21353,False
21354,True
21355,False
21356,True
21357,True
21358,True
21359,True
21360,True
21361,False
21362,True
21363,True
21364,True
21365,True
21366,True
21367,False
21368,False
21369,False
21370,False
21371,False
21372,True
21373,False
21374,True
21375,True
21376,False
21377,True
21378,True
21379,True
21380,True
21381,True
21382,True
21383,False
21384,False
21385,False
21386,True
21387,False
21388,False
21389,True
21390,False
21391,False
21392,True
21393,True
21394,True
21395,True
21396,True
21397,False
21398,False
21399,True
21400,True
21401,False
21402,True
21403,True
21404,True
21405,False
21406,True
21407,False
21408,False
21409,False
21410,True
21411,False
21412,False
21413,True
21414,True
21415,True
21416,False
21417,True
21418,True
21419,True
21420,False
21421,False
21422,True
21423,False
21424,True
21425,True
21426,True
21427,True
21428,False
21429,True
21430,True
21431,True
21432,True
21433,True
21434,True
21435,True
21436,True
21437,False
21438,True
21439,True
21440,True
21441,True
21442,False
21444,True
21445,True
21446,True
21447,True
21448,True
21449,True
21450,False
21451,True
21452,False
21454,True
21455,True
21456,True
21457,True
21458,False
21459,False
21460,True
21461,False
21462,False
21463,True
21464,False
21465,True
21466,True
21467,False
21468,True
21469,False
21470,True
21471,True
21472,True
21473,False
21474,True
21475,True
21476,True
21477,True
21478,False
21479,True
21480,False
21481,False
21482,False
21483,False
21484,True
21485,False
21487,False
21488,True
21489,True
21490,True
21491,False
21492,False
21493,False
21494,True
21495,False
21496,False
21497,True
21498,True
21499,True
21500,True
21501,True
21502,True
21503,True
21504,True
21505,True
21506,False
21508,False
21510,True
21511,True
21512,False
21514,True
21515,False
21516,True
21517,False
21518,True
21519,True
21520,True
21521,False
21522,False
21523,False
21524,True
21525,True
21526,True
21527,False
21528,True
21529,True
21530,True
21531,True
21532,False
21533,True
21534,False
21535,False
21536,True
21537,True
21538,True
21539,True
21540,False
21541,False
21542,False
21543,True
21544,True
21545,True
21546,True
21547,True
21548,True
21549,True
21550,True
21552,True
21553,False
21554,True
21555,False
21556,False
21557,True
21558,False
21559,False
21560,True
21561,True
21562,True
21563,True
21564,False
21565,False
21566,True
21567,True
21568,True
21569,False
21570,True
21571,False
21572,True
21573,True
21574,True
21575,True
21576,True
21577,True
21578,False
21579,True
21580,True
21581,True
21582,False
21583,False
21584,True
21585,False
21586,False
21587,False
21588,True
21589,True
21590,False
21591,False
21592,True
21593,True
21594,True
21595,False
21596,False
21597,False
21598,True
21599,True
21600,True
21601,False
21602,True
21603,True
21604,True
21605,False
21606,False
21607,True
21608,True
21609,False
21610,False
21611,True
21612,True
21613,True
21614,False
21615,True
21616,False
21617,False
21618,False
21619,False
21620,False
21622,False
21623,False
21624,False
21625,False
21626,True
21627,True
21628,True
21629,True
21630,True
21631,True
21632,False
21633,True
21634,True
21635,True
21636,False
21637,True
21638,False
21639,False
21640,True
21641,True
21642,True
21643,False
21644,False
21645,True
21646,True
21647,True
21648,True
21649,True
21650,False
21651,True
21652,True
21653,True
21655,True
21656,False
21657,False
21659,True
21660,True
21661,False
21662,True
21663,True
21664,True
21665,True
21666,False
21667,True
21669,True
21670,True
21671,True
21672,True
21673,True
21674,True
21675,True
21676,True
21677,True
21678,True
21679,True
21680,False
21681,True
21682,False
21683,True
21684,False
21685,True
21686,True
21687,True
21688,False
21689,True
21690,True
21691,False
21692,False
21693,True
21694,True
21695,True
21696,True
21698,False
21699,False
21700,True
21701,False
21702,False
21703,True
21704,True
21705,True
21706,True
21707,True
21708,False
21709,True
21710,True
21711,True
21712,False
21713,False
21714,False
21715,True
21716,False
21717,True
22001,True
22002,False
22003,False
22004,False
22005,True
22006,False
22008,False
22009,False
22011,False
22012,False
22013,True
22014,False
22015,False
22016,False
22018,False
22019,False
22020,False
22021,False
22023,True
22024,True
22025,True
22026,False
22027,True
22028,False
22029,True
22030,False
22031,True
22032,False
22033,True
22034,False
22035,False
22036,False
22037,True
22039,True
22040,True
22041,False
22042,False
22043,True
22044,False
22045,False
22046,True
22047,True
22048,False
22049,False
22050,False
22052,True
22053,False
22054,False
22055,False
22056,False
22057,False
22059,False
22060,True
22061,True
22062,True
22063,False
22064,True
22065,False
22067,False
22068,True
22069,False
22070,False
22071,False
22072,True
22073,False
22074,True
22075,True
22076,False
22077,False
22079,False
22081,False
22082,False
22083,True
22084,False
22085,False
22086,False
22087,True
22088,True
22090,False
22091,False
22092,True
22093,False
22094,False
22095,False
22096,False
22097,False
22098,False
22099,False
22101,False
22103,False
22104,False
22105,False
22106,False
22107,True
22108,False
22109,False
22110,False
22111,False
22112,False
22113,False
22114,False
22115,True
22116,False
22117,False
22118,False
22119,True
22121,False
22122,True
22124,True
22126,False
22127,False
22128,True
22129,True
22131,True
22132,True
22133,True
22134,False
22135,True
22136,True
22137,True
22138,True
22139,True
22140,False
22141,False
22143,False
22144,False
22145,False
22146,True
22147,True
22148,True
22149,True
22150,False
22152,False
22153,False
22155,True
22156,True
22157,True
22158,True
22160,False
22161,False
22162,False
22163,True
22164,False
22165,False
22166,False
22168,False
22169,True
22170,False
22171,False
22172,False
22174,False
22175,False
22176,False
22177,False
22178,False
22179,False
22180,False
22181,True
22182,False
22183,True
22184,False
22185,False
22186,False
22187,False
22188,False
22189,True
22190,False
22193,False
22194,False
22195,False
22196,False
22197,False
22198,False
22199,False
22200,False
22201,False
22202,True
22203,False
22204,False
22205,False
22206,False
22207,True
22208,False
22209,False
22210,False
22211,False
22212,False
22213,False
22214,False
22215,False
22216,True
22217,True
22218,False
22219,True
22220,True
22221,False
22222,False
22223,False
22224,False
22225,False
22226,False
22227,True
22228,True
22229,True
22231,True
22232,False
22233,False
22234,False
22235,False
22236,False
22237,False
22238,False
22239,False
22240,False
22241,True
22242,False
22243,True
22244,True
22245,False
22246,False
22248,False
22249,True
22250,False
22251,False
22254,False
22255,True
22256,False
22257,False
22258,False
22259,False
22260,True
22261,False
22262,False
22263,False
22264,False
22265,False
22266,True
22267,False
22268,False
22269,False
22271,True
22272,False
22273,False
22274,False
22275,True
22276,False
22277,False
22278,False
22279,True
22280,False
22281,False
22282,False
22283,False
22284,True
22285,False
22286,False
22287,False
22288,True
22289,False
22291,False
22293,False
22294,True
22295,True
22296,False
22299,False
22300,True
22302,False
22304,False
22305,False
22306,False
22307,False
22308,False
22309,True
22310,False
22311,False
22312,False
22313,True
22314,True
22315,False
22316,True
22317,False
22318,False
22319,False
22320,True
22321,True
22322,False
22323,False
22324,False
22325,False
22326,False
22327,False
22328,True
22330,True
22331,True
22332,False
22333,True
22334,True
22335,True
22337,False
22338,False
22339,False
22340,False
22341,False
22342,False
22343,False
22344,True
22345,False
22346,False
22347,False
22348,False
22349,False
22350,False
22351,True
22352,False
22353,False
22354,True
22356,False
22358,False
22359,True
22360,False
22361,False
22362,False
22363,False
22364,False
22365,True
22366,False
22368,False
22369,False
22370,False
22371,True
22372,False
22373,True
22375,False
22376,True
22377,False
22378,False
22379,False
22380,False
22381,False
22383,False
22384,True
22385,False
22386,False
22387,True
22388,False
22389,False
22390,False
22391,False
23001,True
23002,True
23003,True
23004,True
23005,True
23006,True
23007,True
23008,True
23009,True
23010,True
23011,True
23012,True
23013,True
23014,True
23015,True
23016,True
23017,True
23018,True
23019,True
23020,True
23021,True
23022,True
23023,True
23024,True
23025,True
23026,True
23027,True
23028,True
23029,True
23030,True
23031,True
23032,True
23033,True
23034,True
23035,True
23036,True
23037,True
23038,True
23039,True
23040,True
23041,True
23042,True
23043,True
23044,True
23045,True
23046,True
23047,True
23048,True
23049,True
23050,True
23051,True
23052,True
23053,True
23054,True
23055,True
23056,True
23057,True
23058,True
23059,True
23060,True
23061,True
23062,True
23063,True
23064,True
23065,True
23066,True
23067,True
23068,True
23069,True
23070,True
23071,True
23072,True
23073,True
23074,True
23075,True
23076,True
23077,True
23078,True
23079,True
23080,True
23081,True
23082,True
23083,True
23084,True
23086,True
23087,True
23088,True
23089,True
23090,True
23091,True
23092,True
23093,True
23095,True
23096,True
23097,True
23098,True
23099,True
23100,True
23101,True
23102,True
23103,True
23104,True
23105,True
23106,True
23107,True
23108,True
23109,True
23110,True
23111,True
23112,True
23113,True
23114,True
23115,True
23116,True
23117,True
23118,True
23119,True
23120,True
23122,True
23123,True
23124,True
23125,True
23127,True
23128,True
23129,True
23130,True
23131,True
23132,True
23133,True
23134,True
23136,True
23137,True
23138,True
23139,True
23140,True
23141,True
23142,True
23143,True
23144,True
23145,True
23146,True
23147,True
23148,True
23149,True
23150,True
23151,True
23152,True
23154,True
23155,True
23156,True
23157,True
23158,True
23159,True
23160,True
23162,True
23164,True
23165,True
23166,True
23167,True
23168,True
23169,True
23170,True
23171,True
23172,True
23173,True
23174,True
23175,True
23176,True
23177,True
23178,True
23179,True
23180,True
23181,True
23182,True
23183,True
23184,True
23185,True
23186,True
23187,True
23188,True
23189,True
23190,True
23191,True
23192,True
23193,True
23194,True
23195,True
23196,True
23197,True
23198,True
23199,True
23200,True
23201,True
23202,True
23203,True
23204,True
23205,True
23206,True
23207,True
23208,True
23209,True
23210,True
23211,True
23212,True
23213,True
23214,True
23215,True
23216,True
23217,True
23218,True
23219,True
23220,True
23221,True
23222,True
23223,True
23224,True
23225,True
23226,True
23227,True
23228,True
23229,True
23230,True
23232,True
23233,True
23234,True
23235,True
23236,True
23237,True
23238,True
23239,True
23240,True
23241,True
23242,True
23243,True
23244,True
23245,True
23246,True
23247,True
23248,True
23249,True
23250,True
23251,True
23252,True
23253,True
23254,True
23255,True
23257,True
23258,True
23259,True
23260,True
23261,True
23262,True
23263,True
23264,True
23265,True
23266,True
24001,True
24002,False
24004,True
24005,True
24006,True
24007,True
24008,True
24009,True
24010,False
24011,False
24012,True
24014,True
24015,True
24016,True
24018,True
24019,True
24020,True
24021,True
24022,True
24023,True
24024,True
24025,True
24026,False
24027,True
24028,True
24029,True
24030,True
24031,True
24032,False
24034,True
24035,True
24036,True
24037,False
24038,True
24039,True
24040,False
24042,True
24043,True
24045,True
24046,True
24048,True
24050,True
24051,False
24052,True
24053,False
24054,True
24055,True
24056,True
24057,True
24058,True
24059,True
24060,True
24061,True
24062,True
24063,True
24064,True
24066,True
24067,True
24068,True
24069,True
24070,True
24071,True
24073,True
24074,True
24075,True
24076,True
24077,True
24080,True
24081,True
24082,True
24083,True
24084,True
24085,True
24086,True
24087,True
24088,True
24089,True
24090,True
24091,True
24094,True
24095,True
24096,True
24097,True
24098,False
24100,True
24101,True
24102,False
24104,False
24105,True
24106,True
24107,True
24108,False
24109,True
24110,True
24111,True
24113,True
24114,True
24115,False
24116,True
24117,True
24119,True
24120,True
24121,True
24122,True
24123,True
24124,True
24126,True
24128,True
24129,True
24130,True
24131,True
24132,True
24133,True
24134,True
24135,False
24136,True
24137,True
24138,False
24139,False
24140,False
24141,True
24142,True
24143,True
24144,True
24145,False
24146,True
24147,True
24148,False
24150,True
24151,True
24152,True
24153,True
24154,True
24155,True
24156,False
24157,False
24158,True
24159,True
24160,True
24161,True
24162,False
24163,True
24164,True
24165,True
24167,True
24168,True
24171,True
24172,True
24174,True
24175,True
24176,True
24177,True
24179,True
24180,True
24182,False
24183,True
24184,True
24186,True
24188,True
24189,True
24190,True
24191,False
24192,True
24193,False
24194,False
24195,True
24196,True
24197,False
24199,True
24200,True
24202,True
24205,False
24206,True
24207,True
24208,True
24209,True
24210,True
24211,True
24212,True
24213,False
24214,True
24215,True
24216,True
24217,True
24218,True
24220,True
24221,True
24222,False
24223,True
24224,False
24225,False
24226,True
24227,True
24228,True
24229,True
24230,True
24231,True
24232,True
24234,True
24236,False
24237,False
24238,True
24240,True
24241,True
24242,True
24243,True
24244,True
24245,True
24246,False
24247,True
24248,True
24251,False
24252,False
24253,True
24254,True
24255,False
24256,False
24257,True
24259,True
24260,True
24261,True
24262,True
24263,True
24264,True
24266,False
24267,False
24268,True
24269,True
24271,True
24272,True
24273,True
24274,False
24276,False
24277,False
24278,True
24279,True
24280,True
24281,True
24282,True
24284,True
24285,True
24286,True
24287,True
24288,True
24289,True
24290,True
24291,True
24292,True
24293,True
24294,True
24295,False
24296,False
24297,True
24299,True
24300,True
24301,True
24302,True
24303,True
24304,True
24305,True
24306,True
24307,True
24308,True
24309,False
24311,True
24312,True
24313,True
24314,True
24316,True
24317,True
24318,True
24319,True
24320,True
24321,True
24322,False
24323,True
24324,True
24325,True
24326,True
24327,True
24328,True
24329,True
24330,True
24331,False
24334,True
24335,False
24336,True
24337,True
24338,True
24339,True
24340,False
24341,False
24345,False
24346,True
24347,True
24348,True
24349,False
24350,False
24351,False
24352,True
24353,True
24354,True
24355,False
24356,True
24357,False
24359,True
24360,True
24361,True
24362,True
24364,True
24365,True
24366,False
24367,True
24370,True
24371,False
24372,False
24373,True
24374,True
24375,True
24376,True
24377,True
24378,True
24379,True
24380,True
24381,True
24382,True
24383,True
24384,True
24385,True
24386,True
24388,True
24390,False
24392,True
24393,True
24394,True
24395,True
24396,True
24397,True
24398,True
24399,True
24401,True
24403,True
24404,True
24405,True
24406,True
24407,True
24408,True
24409,True
24410,True
24411,True
24412,True
24413,False
24414,True
24415,True
24416,True
24417,True
24418,False
24419,False
24420,False
24421,False
24422,True
24423,True
24424,False
24425,True
24426,True
24428,True
24429,True
24432,True
24434,True
24436,True
24437,False
24438,True
24441,True
24442,False
24443,True
24444,True
24445,True
24446,True
24448,True
24449,True
24450,True
24451,True
24452,True
24453,True
24454,True
24455,True
24456,True
24457,True
24458,True
24459,True
24460,True
24461,True
24462,True
24463,True
24464,True
24465,True
24466,False
24468,True
24470,True
24471,False
24472,False
24473,True
24474,True
24476,True
24477,True
24478,True
24479,True
24480,True
24481,True
24482,True
24483,True
24484,False
24485,True
24486,True
24487,False
24488,True
24489,True
24490,True
24491,True
24492,True
24493,True
24494,True
24495,True
24496,True
24498,True
24499,False
24500,True
24501,True
24502,False
24504,True
24505,True
24507,True
24508,True
24509,True
24510,False
24511,True
24512,False
24513,True
24514,True
24515,True
24516,True
24517,True
24518,True
24519,True
24520,False
24521,False
24522,True
24523,False
24524,True
24525,True
24526,True
24527,True
24528,True
24529,True
24531,True
24532,True
24533,True
24534,True
24535,True
24536,True
24537,True
24538,True
24540,True
24541,True
24542,True
24543,False
24544,False
24545,True
24546,True
24547,True
24548,True
24549,False
24550,True
24551,True
24552,True
24553,True
24554,True
24555,True
24557,False
24558,True
24559,True
24560,True
24562,False
24563,True
24564,True
24565,True
24566,True
24567,True
24568,True
24569,True
24570,True
24571,True
24572,True
24573,True
24574,True
24575,True
24576,True
24577,False
24580,True
24581,True
24582,True
24584,True
24585,True
24586,True
24587,False
25001,False
25002,False
25003,True
25004,False
25005,True
25006,False
25007,False
25008,False
25009,False
25011,False
25012,True
25013,False
25014,False
25015,True
25016,True
25017,True
25018,True
25019,True
25020,False
25021,False
25022,True
25024,True
25025,True
25026,True
25029,True
25030,False
25031,False
25032,False
25033,False
25035,False
25036,False
25038,True
25039,False
25040,False
25041,True
25042,True
25043,False
25044,False
25045,True
25046,True
25047,False
25048,False
25049,False
25050,True
25051,True
25052,False
25053,True
25054,False
25055,False
25056,False
25057,False
25058,False
25059,False
25060,True
25061,True
25062,True
25063,False
25065,True
25066,True
25067,True
25070,True
25071,False
25072,True
25073,False
25074,True
25075,True
25077,True
25078,False
25079,True
25082,False
25083,True
25084,False
25085,True
25086,False
25087,True
25088,False
25089,False
25090,False
25091,False
25092,True
25093,False
25094,False
25095,True
25096,True
25097,False
25098,False
25099,True
25100,True
25101,False
25102,True
25103,False
25104,False
25105,False
25106,False
25107,True
25108,False
25109,False
25110,False
25111,False
25112,False
25113,True
25114,True
25115,False
25116,False
25117,False
25119,False
25120,False
25121,True
25122,True
25124,False
25125,True
25126,False
25127,False
25129,False
25130,False
25131,True
25132,False
25133,False
25134,False
25136,False
25138,True
25139,True
25141,False
25142,True
25143,False
25145,True
25147,False
25148,True
25149,False
25150,False
25151,False
25152,False
25153,False
25154,False
25155,True
25156,True
25157,False
25159,False
25160,False
25161,True
25162,False
25163,True
25164,False
25166,False
25170,False
25171,False
25172,False
25173,True
25174,True
25175,False
25176,True
25177,True
25178,True
25179,True
25180,True
25181,True
25182,True
25183,False
25184,True
25185,False
25186,False
25187,False
25188,False
25189,False
25190,False
25191,False
25192,True
25193,False
25194,False
25195,False
25196,False
25197,False
25198,True
25199,True
25200,False
25201,False
25202,True
25203,True
25204,False
25207,False
25208,False
25209,False
25210,False
25211,False
25212,False
25213,False
25214,False
25215,False
25216,False
25217,False
25218,False
25219,False
25220,False
25221,False
25222,False
25223,True
25224,False
25225,False
25226,True
25227,False
25228,False
25229,True
25230,False
25231,False
25232,True
25233,False
25234,False
25235,False
25236,True
25237,False
25238,False
25239,False
25240,False
25241,True
25242,True
25243,True
25244,True
25245,False
25246,True
25247,True
25248,True
25249,False
25251,False
25252,False
25253,False
25254,False
25255,False
25256,False
25257,False
25258,False
25259,True
25261,True
25262,True
25263,True
25264,True
25265,False
25266,True
25267,False
25268,True
25269,True
25270,True
25271,True
25273,False
25274,False
25275,True
25276,True
25277,True
25278,False
25279,True
25280,False
25281,False
25282,True
25283,False
25284,False
25285,False
25286,True
25287,False
25288,True
25289,True
25290,True
25293,False
25295,False
25296,False
25297,False
25298,False
25299,False
25300,False
25301,True
25303,True
25304,False
25305,False
25306,True
25307,False
25308,False
25309,False
25310,True
25311,True
25312,False
25313,False
25314,True
25315,True
25316,False
25317,False
25318,False
25320,False
25321,False
25322,False
25323,False
25324,True
25325,True
25326,False
25327,True
25328,False
25329,True
25330,False
25331,False
25332,False
25333,True
25334,True
25335,True
25336,False
25338,True
25339,False
25340,False
25341,False
25342,False
25343,False
25344,True
25345,False
25346,True
25347,True
25348,False
25349,True
25350,False
25351,True
25354,False
25355,False
25356,False
25357,True
25359,True
25360,False
25361,False
25362,False
25364,False
25365,True
25366,False
25367,False
25368,False
25369,True
25370,False
25371,False
25372,True
25373,True
25374,False
25375,False
25376,False
25377,True
25378,False
25379,False
25380,False
25381,False
25382,False
25383,False
25384,True
25385,True
25386,True
25387,True
25388,False
25389,True
25390,True
25391,True
25392,False
25393,True
25394,False
25395,False
25397,False
25398,True
25400,False
25401,True
25402,True
25403,False
25404,True
25405,False
25406,False
25408,True
25410,False
25411,False
25413,True
25414,False
25415,False
25416,False
25417,False
25418,False
25419,True
25420,True
25421,True
25422,False
25424,True
25425,True
25426,False
25427,False
25428,False
25429,False
25430,True
25431,True
25432,True
25433,False
25434,False
25435,False
25436,True
25437,False
25438,False
25439,False
25440,True
25441,True
25442,False
25443,False
25444,False
25445,False
25446,False
25447,False
25448,False
25449,True
25450,False
25451,True
25452,False
25453,True
25454,False
25455,False
25456,True
25457,True
25458,True
25459,False
25460,False
25461,True
25462,False
25463,False
25464,True
25465,False
25466,False
25467,False
25468,False
25469,False
25470,True
25471,True
25472,True
25473,False
25474,False
25475,False
25476,True
25477,False
25478,True
25479,True
25481,False
25482,False
25483,True
25485,False
25486,False
25487,True
25488,False
25489,True
25490,True
25491,True
25492,True
25493,True
25494,False
25495,False
25496,True
25497,False
25498,True
25499,True
25500,False
25501,True
25502,False
25503,True
25504,True
25505,True
25506,True
25507,False
25508,False
25510,False
25511,False
25512,True
25513,True
25514,False
25515,False
25516,True
25517,True
25518,False
25519,True
25520,False
25521,False
25522,True
25523,False
25524,False
25525,False
25526,False
25527,False
25528,False
25529,True
25532,False
25533,True
25534,True
25535,False
25536,False
25537,False
25538,False
25539,False
25540,False
25541,True
25542,False
25544,True
25545,True
25546,False
25547,False
25548,False
25549,True
25550,True
25551,True
25552,True
25553,True
25554,True
25555,False
25556,True
25557,False
25558,False
25559,False
25560,False
25561,False
25562,False
25563,False
25564,False
25565,False
25566,True
25567,True
25569,False
25570,True
25571,False
25572,True
25573,False
25574,True
25575,False
25578,False
25579,False
25580,False
25582,False
25583,True
25584,True
25586,False
25588,True
25589,True
25590,True
25591,True
25592,True
25594,False
25595,True
25596,True
25597,True
25598,False
25599,False
25600,True
25601,False
25602,False
25604,False
25605,False
25607,True
25608,False
25609,False
25611,False
25612,False
25613,True
25614,False
25615,False
25616,False
25617,False
25618,False
25619,True
25620,True
25621,True
25622,False
25623,True
25624,False
25625,True
25626,False
25627,True
25628,False
25629,False
25630,False
25631,False
25632,False
25633,False
25634,False
25635,True
26001,True
26002,False
26003,True
26004,False
26005,False
26006,True
26007,False
26008,False
26009,False
26010,False
26011,True
26012,True
26013,True
26014,False
26015,True
26016,True
26017,True
26018,True
26019,True
26020,True
26021,True
26022,True
26023,False
26024,True
26025,True
26026,True
26027,True
26028,False
26030,True
26031,False
26032,False
26033,False
26034,False
26035,True
26036,True
26037,False
26038,False
26039,False
26040,True
26041,False
26042,False
26043,True
26045,True
26046,True
26047,True
26048,True
26049,False
26050,True
26051,True
26052,False
26054,False
26055,True
26056,True
26057,False
26058,False
26059,True
26060,True
26061,False
26062,True
26063,True
26064,False
26065,True
26066,True
26067,True
26068,False
26069,True
26070,True
26071,False
26072,False
26073,True
26074,True
26075,True
26076,True
26077,False
26078,False
26079,False
26080,True
26081,True
26082,True
26083,False
26084,False
26085,False
26086,True
26087,False
26088,False
26089,True
26090,True
26091,True
26092,False
26093,False
26094,False
26095,False
26096,False
26097,False
26098,True
26099,True
26100,True
26101,True
26102,False
26103,True
26104,True
26105,True
26106,False
26107,False
26108,True
26110,False
26111,True
26112,True
26113,True
26114,True
26115,True
26116,False
26117,True
26118,False
26119,False
26121,False
26122,True
26123,True
26124,False
26125,True
26126,True
26127,True
26128,True
26129,False
26130,True
26131,True
26133,False
26134,True
26135,True
26136,True
26137,True
26138,False
26139,False
26140,False
26141,True
26142,True
26143,False
26144,True
26145,False
26146,True
26147,True
26148,False
26149,False
26150,True
26152,True
26153,True
26154,True
26155,False
26156,False
26157,False
26159,True
26160,False
26161,True
26162,False
26163,True
26164,True
26165,False
26166,False
26167,True
26168,True
26169,False
26170,False
26171,True
26172,False
26173,False
26174,False
26175,True
26176,False
26177,False
26178,True
26179,False
26180,True
26181,True
26182,True
26183,True
26185,False
26186,True
26188,True
26189,True
26190,True
26191,False
26192,True
26193,True
26194,False
26195,True
26196,False
26197,False
26198,False
26199,True
26200,True
26201,True
26202,True
26203,True
26204,True
26205,True
26206,False
26207,False
26208,True
26209,True
26210,False
26211,True
26212,True
26213,False
26214,True
26215,True
26216,False
26217,True
26218,False
26219,False
26220,True
26221,True
26222,True
26223,True
26224,True
26225,False
26226,True
26227,True
26228,True
26229,True
26231,False
26232,True
26233,True
26234,True
26235,False
26236,True
26238,True
26239,True
26240,True
26241,True
26242,True
26243,True
26244,True
26245,True
26246,True
26247,False
26248,True
26249,True
26250,False
26251,False
26252,False
26253,True
26254,True
26255,True
26256,True
26257,False
26258,True
26259,False
26261,True
26262,True
26263,True
26264,True
26266,True
26267,True
26268,True
26269,True
26270,True
26271,False
26272,False
26273,False
26274,True
26275,False
26276,True
26277,True
26278,True
26279,True
26281,False
26282,True
26283,True
26284,True
26285,True
26286,True
26287,False
26288,True
26289,True
26290,True
26291,True
26292,True
26293,False
26294,False
26295,False
26296,True
26298,False
26299,True
26300,True
26301,False
26302,True
26303,True
26304,True
26305,False
26306,True
26307,True
26308,True
26309,True
26310,False
26311,True
26312,False
26313,False
26314,False
26315,True
26316,True
26317,True
26318,True
26319,False
26320,True
26321,True
26322,True
26323,False
26324,False
26325,False
26326,False
26327,True
26328,True
26329,True
26330,False
26331,True
26332,False
26333,False
26334,True
26335,True
26336,True
26337,False
26338,False
26339,False
26340,True
26341,False
26342,False
26343,True
26344,True
26345,False
26346,True
26347,False
26348,True
26349,False
26350,True
26351,True
26352,False
26353,False
26355,False
26356,True
26357,False
26358,False
26359,True
26360,True
26361,True
26362,False
26363,True
26364,True
26365,True
26367,True
26368,True
26369,True
26370,True
26371,True
26372,True
26373,True
26374,True
26375,True
26376,True
26377,True
26378,True
26379,False
26380,False
26381,False
26382,False
27001,False
27002,False
27003,False
27004,False
27005,False
27006,False
27008,False
27009,False
27010,False
27011,False
27012,False
27013,False
27014,False
27015,False
27016,False
27017,False
27018,False
27019,False
27020,False
27021,True
27022,False
27023,False
27025,False
27026,False
27027,False
27028,False
27031,False
27032,False
27033,False
27034,False
27035,True
27036,False
27037,False
27038,False
27039,False
27040,False
27042,True
27043,False
27044,False
27045,False
27046,True
27047,False
27048,True
27049,True
27050,False
27051,False
27052,False
27053,False
27054,False
27055,False
27056,False
27057,False
27059,False
27061,False
27062,False
27063,False
27064,False
27065,False
27066,True
27067,False
27068,False
27069,False
27070,False
27071,True
27072,False
27073,False
27074,False
27075,False
27076,False
27077,False
27078,False
27079,True
27081,False
27082,False
27083,False
27085,False
27089,False
27090,False
27091,False
27094,True
27095,False
27096,False
27097,False
27098,True
27099,False
27100,False
27101,False
27102,False
27103,False
27104,False
27105,False
27106,True
27107,False
27108,False
27109,False
27110,False
27111,False
27112,False
27113,False
27114,False
27115,False
27116,False
27117,True
27118,False
27119,False
27120,False
27123,False
27124,False
27125,False
27126,False
27127,False
27129,False
27130,True
27132,False
27133,False
27134,False
27135,False
27136,False
27137,False
27138,True
27139,False
27140,False
27141,False
27142,False
27144,False
27146,True
27147,False
27148,True
27149,True
27151,False
27152,False
27153,False
27154,False
27155,False
27156,False
27157,False
27158,False
27161,False
27162,False
27163,False
27164,False
27165,False
27167,False
27168,False
27169,False
27170,True
27171,False
27173,False
27174,False
27176,False
27177,False
27179,False
27180,False
27181,False
27182,False
27183,False
27184,False
27185,False
27187,False
27188,False
27189,False
27190,False
27191,False
27192,False
27193,False
27194,False
27196,False
27198,False
27199,False
27200,False
27201,False
27202,False
27203,False
27204,False
27205,False
27206,False
27207,True
27208,True
27209,False
27210,False
27212,False
27213,False
27214,False
27215,False
27216,False
27217,False
27218,True
27219,False
27220,False
27222,True
27224,False
27226,False
27227,False
27228,False
27229,False
27230,False
27231,False
27232,False
27233,False
27234,False
27235,False
27237,True
27238,False
27239,True
27240,False
27241,False
27242,False
27243,False
27245,True
27246,False
27247,False
27248,True
27249,False
27251,False
27252,True
27254,False
27256,False
27258,False
27259,False
27260,False
27261,False
27263,False
27266,False
27267,False
27269,True
27271,False
27273,False
27275,False
27276,False
27277,False
27278,False
27279,False
27280,False
27281,False
27282,False
27284,False
27285,False
27286,True
27287,False
27288,False
27289,True
27290,False
27291,False
27294,False
27295,True
27298,False
27299,False
27300,False
27301,False
27302,False
27304,False
27306,False
27307,False
27309,False
27310,False
27311,False
27312,False
27313,False
27315,False
27316,False
27317,False
27318,False
27319,False
27320,False
27321,False
27322,False
27323,False
27324,False
27325,False
27326,False
27327,False
27329,False
27330,False
27331,False
27332,False
27333,False
27334,True
27335,False
27336,False
27337,False
27338,True
27339,False
27340,False
27341,False
27342,False
27343,False
27345,False
27346,False
27347,False
27348,False
27349,False
27350,False
27351,False
27353,False
27354,False
27355,False
27358,False
27359,False
27360,False
27361,False
27363,False
27364,False
27365,False
27366,False
27367,True
27368,False
27369,True
27370,True
27371,False
27372,False
27373,True
27374,False
27375,False
27376,False
27377,True
27378,False
27379,False
27380,False
27381,False
27382,False
27383,False
27384,False
27385,False
27386,False
27388,False
27389,False
27390,False
27391,False
27392,True
27393,False
27394,False
27395,True
27396,False
27397,False
27398,False
27399,False
27400,False
27401,False
27403,False
27404,True
27405,False
27406,False
27407,False
27408,False
27410,False
27411,False
27412,False
27413,False
27414,True
27415,True
27417,False
27418,False
27419,False
27420,False
27421,False
27422,False
27423,False
27424,False
27425,False
27426,False
27427,False
27428,False
27429,False
27430,False
27431,False
27432,False
27433,False
27434,True
27435,True
27436,False
27437,False
27438,False
27439,False
27440,False
27441,False
27442,True
27444,True
27445,False
27446,False
27447,False
27448,False
27451,False
27453,False
27454,False
27455,True
27456,False
27457,False
27458,False
27459,True
27460,False
27462,True
27463,False
27464,False
27465,False
27466,False
27467,False
27468,False
27469,False
27470,False
27471,False
27472,False
27473,False
27474,False
27475,True
27476,False
27477,False
27478,False
27480,False
27481,False
27482,False
27483,False
27485,False
27486,False
27487,False
27488,False
27489,False
27490,False
27492,False
27493,False
27495,False
27496,True
27497,False
27498,False
27500,False
27501,False
27502,False
27504,False
27505,True
27507,False
27508,False
27511,False
27512,True
27514,True
27516,True
27517,False
27518,False
27520,True
27521,False
27522,True
27524,False
27525,False
27527,False
27528,False
27529,False
27530,True
27531,False
27533,False
27534,False
27535,False
27536,False
27537,False
27538,True
27539,False
27540,False
27541,True
27542,True
27543,False
27544,False
27545,False
27546,False
27547,True
27548,False
27550,True
27552,True
27553,False
27554,False
27555,False
27556,True
27557,False
27558,False
27560,False
27561,False
27562,False
27563,False
27564,True
27565,False
27567,False
27568,False
27569,False
27570,False
27571,True
27572,False
27576,False
27577,False
27578,False
27579,False
27580,False
27582,False
27584,False
27586,False
27587,False
27589,False
27590,True
27591,True
27592,False
27593,False
27594,True
27595,False
27597,False
27598,False
27599,False
27601,False
27602,False
27603,True
27604,False
27605,True
27606,False
27608,False
27609,False
27610,False
27611,False
27612,False
27613,True
27614,False
27615,False
27616,False
27617,False
27618,False
27620,False
27621,False
27622,False
27623,False
27624,False
27625,False
27627,True
27629,True
27630,False
27631,False
27632,False
27633,False
27635,False
27638,False
27640,False
27641,False
27643,False
27644,False
27645,False
27646,False
27649,True
27650,False
27652,False
27654,False
27655,False
27656,False
27658,False
27659,False
27660,True
27661,False
27662,False
27663,False
27664,True
27665,False
27666,False
27667,False
27668,False
27669,False
27670,False
27671,False
27672,True
27673,False
27674,False
27058,False
27677,False
27678,False
27679,False
27680,True
27681,False
27682,False
27683,False
27684,False
27685,False
27686,False
27689,False
27690,False
27691,False
27692,False
27693,False
27694,False
27695,False
27696,False
27697,False
27698,False
27699,False
27700,False
27701,False
28001,False
28003,False
28004,True
28005,False
28006,False
28007,False
28008,False
28009,False
28010,False
28012,True
28013,False
28014,False
28015,False
28016,True
28018,True
28019,True
28021,False
28022,False
28023,False
28024,False
28025,True
28026,True
28027,True
28028,True
28029,True
28030,True
28031,True
28032,True
28033,True
28034,False
28035,False
28036,False
28037,False
28038,True
28039,False
28040,False
28041,False
28045,False
28046,True
28047,True
28048,False
28049,True
28050,False
28051,False
28052,False
28053,False
28054,False
28055,False
28056,False
28057,False
28058,False
28059,True
28060,False
28061,True
28062,False
28064,False
28065,False
28067,False
28068,False
28070,False
28071,True
28072,False
28073,False
28074,False
28075,True
28076,False
28077,True
28078,True
28079,True
28080,True
28081,False
28082,False
28084,False
28085,False
28086,True
28087,True
28088,True
28089,False
28090,True
28091,False
28092,False
28094,False
28095,False
28096,False
28098,False
28099,False
28100,False
28102,False
28103,True
28104,False
28105,True
28106,True
28107,False
28108,True
28109,True
28110,False
28111,True
28113,False
28114,True
28116,False
28117,False
28118,False
28119,True
28120,True
28121,True
28122,False
28123,True
28124,False
28126,False
28127,True
28128,False
28129,False
28130,True
28132,True
28134,False
28135,False
28136,False
28137,False
28139,False
28140,False
28141,False
28142,False
28143,True
28144,True
28146,False
28147,False
28148,False
28149,True
28151,True
28153,False
28154,False
28155,False
28156,True
28157,True
28158,False
28159,True
28160,False
28161,True
28162,False
28163,False
28164,False
28166,False
28167,False
28168,False
28169,False
28170,False
28171,False
28172,False
28173,False
28175,False
28176,False
28177,False
28178,False
28180,False
28182,True
28183,True
28184,True
28185,False
28187,False
28188,False
28189,False
28190,True
28191,False
28192,True
28193,False
28194,False
28195,False
28196,False
28197,True
28198,True
28199,True
28200,True
28201,False
28202,True
28203,False
28206,True
28207,False
28208,False
28209,False
28210,True
28211,True
28212,True
28213,False
28214,True
28215,True
28216,False
28217,True
28218,False
28219,True
28220,False
28221,True
28222,False
28223,False
28225,False
28226,False
28227,False
28229,False
28230,False
28231,True
28232,True
28233,True
28234,False
28235,False
28236,True
28237,True
28239,False
28240,True
28242,False
28243,True
28245,False
28246,False
28247,False
28248,True
28249,False
28251,False
28252,True
28253,False
28254,False
28255,False
28256,True
28257,False
28259,False
28260,False
28261,True
28263,False
28264,True
28265,True
28267,False
28268,False
28269,False
28270,False
28271,True
28272,True
28273,True
28274,True
28275,False
28276,False
28277,False
28278,False
28279,False
28280,False
28281,False
28282,True
28283,True
28284,True
28285,False
28286,False
28287,True
28289,False
28290,False
28291,True
28292,False
28293,False
28294,False
28296,True
28298,False
28299,False
28300,True
28301,False
28302,False
28303,True
28304,True
28305,False
28306,False
28308,True
28309,False
28310,True
28312,False
28313,True
28314,True
28315,True
28316,True
28317,False
28319,True
28321,False
28322,False
28323,False
28324,False
28325,False
28326,False
28327,True
28329,True
28330,True
28331,True
28332,False
28333,False
28334,True
28335,True
28336,False
28337,False
28339,False
28341,False
28342,False
28343,False
28344,False
28346,True
28347,False
28348,False
28349,False
28350,False
28351,False
28352,False
28353,False
28354,True
28355,False
28357,False
28358,False
28359,False
28360,False
28362,True
28363,False
28364,False
28365,False
28366,False
28367,True
28368,True
28369,False
28370,False
28371,False
28372,False
28373,True
28374,False
28375,False
28377,False
28378,False
28379,False
28380,False
28382,True
28383,True
28385,False
28386,False
28387,True
28388,False
28389,True
28390,True
28391,False
28392,True
28393,False
28394,False
28395,False
28396,False
28397,False
28398,True
28400,True
28401,True
28403,False
28404,False
28405,False
28406,True
28407,False
28408,False
28409,False
28410,True
28411,True
28414,False
28415,False
28417,False
28418,False
28419,False
28421,False
28422,True
28423,False
28424,True
28425,False
28426,True
29001,False
29002,False
29003,False
29004,False
29005,False
29006,False
29007,True
29008,False
29010,False
29011,False
29012,True
29013,True
29014,False
29015,False
29016,True
29017,False
29018,True
29019,False
29020,False
29021,False
29022,False
29023,False
29024,True
29025,True
29026,True
29027,True
29028,False
29029,True
29030,False
29031,False
29032,False
29033,True
29034,False
29035,False
29036,True
29037,False
29038,False
29039,False
29040,False
29041,True
29042,False
29043,False
29044,True
29045,False
29046,False
29047,False
29048,False
29049,False
29051,False
29053,False
29054,True
29055,False
29056,False
29057,False
29058,False
29059,False
29060,False
29061,False
29062,True
29063,False
29064,False
29065,False
29066,False
29067,False
29068,False
29069,False
29070,False
29071,False
29072,False
29073,False
29074,False
29075,False
29076,False
29077,False
29078,False
29079,False
29080,False
29081,True
29082,False
29083,False
29084,False
29085,False
29086,False
29087,False
29089,True
29090,False
29091,False
29093,False
29094,False
29095,False
29097,False
29098,False
29099,False
29100,False
29101,False
29102,True
29103,False
29104,False
29105,False
29106,False
29107,False
29108,False
29109,False
29110,False
29111,False
29112,False
29113,False
29114,False
29115,True
29116,False
29117,False
29119,False
29120,False
29122,True
29123,True
29124,False
29125,True
29126,False
29128,False
29130,False
29131,False
29132,False
29133,False
29134,False
29135,False
29136,False
29137,False
29139,True
29140,False
29141,True
29142,True
29143,False
29144,False
29145,False
29146,False
29147,False
29148,False
29150,False
29151,False
29152,True
29153,False
29155,True
29156,False
29158,False
29159,False
29160,False
29161,False
29162,True
29163,False
29165,False
29166,True
29167,False
29168,False
29169,False
29170,False
29171,False
29172,True
29173,False
29174,False
29175,True
29176,True
29177,False
29178,False
29179,False
29180,False
29181,False
29182,False
29183,False
29184,False
29185,False
29186,False
29187,False
29188,False
29189,False
29190,False
29191,False
29192,False
29193,False
29195,False
29196,False
29197,False
29198,False
29199,False
29201,False
29202,False
29204,False
29205,True
29206,False
29207,False
29208,False
29209,False
29210,False
29211,True
29212,False
29213,False
29214,False
29215,False
29216,False
29217,False
29218,False
29220,False
29221,False
29222,True
29224,False
29225,False
29226,False
29227,True
29228,False
29229,False
29230,False
29232,False
29233,False
29234,False
29235,False
29236,False
29237,False
29238,False
29239,False
29240,False
29241,False
29243,True
29244,False
29245,False
29246,False
29247,False
29248,False
29249,True
29250,True
29251,False
29252,False
29254,False
29255,False
29256,True
29257,False
29259,False
29260,False
29261,True
29262,False
29263,True
29264,False
29265,False
29266,False
29267,True
29268,False
29269,False
29270,False
29271,False
29272,False
29273,False
29274,False
29275,True
29276,False
29277,False
29278,True
29279,False
29280,False
29281,False
29282,False
29284,False
29285,False
29286,False
29287,False
29288,False
29289,True
29290,False
29291,True
29292,False
29293,False
29294,False
29295,False
29296,False
29297,False
29298,False
29299,False
29300,False
29301,False
29302,False
2A001,False
2A004,False
2A006,False
2A008,False
2A011,True
2A014,True
2A017,False
2A018,True
2A019,True
2A021,True
2A022,True
2A024,True
2A026,False
2A027,True
2A028,True
2A031,True
2A032,False
2A035,True
2A038,True
2A040,True
2A041,True
2A048,True
2A056,False
2A060,True
2A061,True
2A062,True
2A064,False
2A065,True
2A066,True
2A070,True
2A071,True
2A085,True
2A089,True
2A090,True
2A091,False
2A092,True
2A094,True
2A098,False
2A099,True
2A100,True
2A103,False
2A104,True
2A108,True
2A114,True
2A115,True
2A117,True
2A118,True
2A119,False
2A127,True
2A128,True
2A129,True
2A130,False
2A131,True
2A132,False
2A133,True
2A139,True
2A141,True
2A142,True
2A144,True
2A146,True
2A154,True
2A158,True
2A160,True
2A163,True
2A174,True
2A181,True
2A186,True
2A189,True
2A191,True
2A196,True
2A197,True
2A198,True
2A200,True
2A203,True
2A204,True
2A209,False
2A211,True
2A212,True
2A215,True
2A228,False
2A232,True
2A240,True
2A247,True
2A249,True
2A253,False
2A254,True
2A258,True
2A259,True
2A262,True
2A266,True
2A268,True
2A269,True
2A270,True
2A271,False
2A272,True
2A276,True
2A278,True
2A279,True
2A282,True
2A284,True
2A285,True
2A288,True
2A295,True
2A300,True
2A308,True
2A310,True
2A312,False
2A322,True
2A323,False
2A324,True
2A326,True
2A330,True
2A331,False
2A336,False
2A345,True
2A348,True
2A349,True
2A351,False
2A357,True
2A358,True
2A359,True
2A360,True
2A362,True
2A363,True
2B002,True
2B003,True
2B005,True
2B007,True
2B009,True
2B010,True
2B012,True
2B013,True
2B015,True
2B016,True
2B020,True
2B023,True
2B025,True
2B029,True
2B030,True
2B033,False
2B034,True
2B036,True
2B037,False
2B039,True
2B042,False
2B043,True
2B045,True
2B046,True
2B047,True
2B049,True
2B050,True
2B051,True
2B052,True
2B053,True
2B054,True
2B055,True
2B057,True
2B058,True
2B059,True
2B063,True
2B067,True
2B068,True
2B069,True
2B072,True
2B073,True
2B074,True
2B075,True
2B077,True
2B078,True
2B079,True
2B080,True
2B081,True
2B082,True
2B083,True
2B084,True
2B086,True
2B087,True
2B088,True
2B093,True
2B095,True
2B096,True
2B097,True
2B101,True
2B102,True
2B105,True
2B106,True
2B107,True
2B109,True
2B110,True
2B111,True
2B112,True
2B113,True
2B116,True
2B120,False
2B121,True
2B122,True
2B123,True
2B124,True
2B125,True
2B126,True
2B134,True
2B135,True
2B136,True
2B137,True
2B138,True
2B140,True
2B143,True
2B145,True
2B147,True
2B148,False
2B149,True
2B150,True
2B152,True
2B153,True
2B155,True
2B156,True
2B157,True
2B159,True
2B161,True
2B162,True
2B164,True
2B165,True
2B166,True
2B167,True
2B168,True
2B169,True
2B170,True
2B171,True
2B172,True
2B173,True
2B175,True
2B176,True
2B177,True
2B178,True
2B179,True
2B180,True
2B182,True
2B183,True
2B184,True
2B185,True
2B187,True
2B188,True
2B190,True
2B192,True
2B193,True
2B194,True
2B195,True
2B199,True
2B201,True
2B202,True
2B205,True
2B206,True
2B207,True
2B208,True
2B210,True
2B213,True
2B214,True
2B216,True
2B217,True
2B218,True
2B219,True
2B220,True
2B221,True
2B222,True
2B223,True
2B224,True
2B225,True
2B226,True
2B227,True
2B229,True
2B230,True
2B231,True
2B233,True
2B234,True
2B235,True
2B236,True
2B238,True
2B239,True
2B241,True
2B242,True
2B243,True
2B244,True
2B245,True
2B246,True
2B248,True
2B250,True
2B251,True
2B252,True
2B255,True
2B256,True
2B257,True
2B260,True
2B261,True
2B263,True
2B264,True
2B265,True
2B267,True
2B273,True
2B274,True
2B275,True
2B277,True
2B280,True
2B281,True
2B283,True
2B286,True
2B287,True
2B289,True
2B290,True
2B291,True
2B292,True
2B293,True
2B296,True
2B297,True
2B298,True
2B299,True
2B301,True
2B302,True
2B303,True
2B304,True
2B305,False
2B306,True
2B307,True
2B309,False
2B311,True
2B313,True
2B314,True
2B315,True
2B316,True
2B317,True
2B318,True
2B319,True
2B320,True
2B321,True
2B327,True
2B328,True
2B329,True
2B332,True
2B333,True
2B334,True
2B335,True
2B337,True
2B338,True
2B339,True
2B340,True
2B341,True
2B342,True
2B343,True
2B344,True
2B346,True
2B347,True
2B350,False
2B352,True
2B353,False
2B354,True
2B355,True
2B356,True
2B361,True
2B364,True
2B365,True
2B366,True
30001,True
30002,True
30003,False
30004,False
30005,False
30006,False
30007,False
30008,True
30009,True
30010,False
30011,False
30012,False
30013,False
30014,True
30015,True
30016,True
30017,True
30018,False
30019,False
30020,False
30021,True
30022,True
30023,False
30024,True
30025,True
30026,True
30027,False
30028,False
30029,True
30030,True
30031,True
30032,False
30033,False
30034,False
30035,True
30036,False
30037,True
30038,True
30039,False
30040,True
30041,True
30042,False
30043,False
30044,True
30045,True
30046,False
30047,False
30048,True
30049,True
30050,True
30051,False
30052,True
30053,False
30054,True
30055,True
30056,True
30057,False
30058,True
30059,False
30060,False
30061,False
30062,False
30064,True
30065,True
30066,True
30067,True
30068,True
30069,True
30070,False
30071,True
30072,False
30073,False
30074,True
30075,False
30076,False
30077,False
30079,True
30080,True
30081,False
30082,False
30083,False
30084,False
30085,False
30086,True
30087,True
30088,False
30089,False
30090,True
30091,False
30092,False
30093,True
30094,False
30095,True
30096,False
30097,True
30098,False
30099,True
30100,False
30101,False
30102,False
30103,False
30104,False
30105,True
30106,True
30107,False
30108,True
30109,False
30110,True
30111,True
30112,False
30113,True
30114,False
30115,True
30116,False
30117,False
30119,True
30120,True
30121,True
30122,False
30123,False
30124,False
30125,False
30126,True
30127,False
30128,False
30129,False
30130,True
30131,False
30132,False
30133,False
30134,True
30135,False
30136,False
30137,False
30138,False
30139,True
30140,True
30141,False
30142,False
30143,False
30144,False
30145,False
30146,True
30147,False
30148,True
30149,False
30150,True
30151,True
30152,False
30153,True
30154,True
30155,False
30156,False
30158,False
30159,False
30160,True
30161,False
30162,False
30163,False
30164,True
30165,False
30166,False
30167,True
30168,False
30169,False
30170,True
30171,True
30172,True
30173,False
30174,True
30175,False
30176,True
30177,False
30178,False
30179,False
30180,False
30181,False
30182,False
30183,False
30184,True
30185,False
30186,False
30187,True
30188,False
30189,False
30191,False
30192,True
30193,False
30194,True
30195,True
30196,False
30197,True
30198,True
30199,True
30200,True
30201,True
30202,False
30203,True
30204,True
30205,True
30206,False
30207,False
30208,True
30209,False
30210,True
30211,False
30212,False
30213,True
30214,False
30215,True
30216,True
30217,False
30218,True
30219,True
30220,True
30221,False
30222,False
30223,False
30224,False
30225,False
30226,False
30227,True
30228,False
30229,True
30230,False
30231,True
30232,True
30233,False
30234,True
30235,False
30236,True
30237,True
30238,True
30239,False
30240,False
30241,False
30242,False
30243,False
30244,False
30245,False
30246,True
30247,True
30248,True
30249,False
30250,False
30251,False
30252,True
30253,False
30254,False
30255,False
30256,False
30257,False
30258,False
30259,False
30260,False
30261,False
30262,True
30263,True
30264,False
30265,True
30266,True
30267,False
30268,False
30269,False
30270,False
30271,False
30272,True
30273,False
30274,False
30275,True
30276,False
30277,False
30278,False
30279,True
30280,True
30281,False
30282,True
30283,True
30284,False
30285,False
30286,True
30287,False
30288,False
30289,True
30290,False
30291,False
30292,False
30293,True
30294,False
30295,True
30296,True
30297,True
30298,False
30299,True
30300,True
30301,True
30302,False
30303,True
30304,False
30305,False
30306,False
30307,False
30308,True
30309,True
30310,True
30311,True
30312,False
30313,False
30314,True
30315,False
30316,True
30317,False
30318,True
30319,True
30320,True
30321,False
30322,True
30323,False
30324,False
30325,True
30326,False
30327,True
30328,False
30329,True
30330,False
30331,False
30332,True
30333,False
30334,True
30335,True
30336,False
30337,True
30338,True
30339,True
30340,False
30341,False
30342,False
30343,True
30344,False
30345,True
30346,False
30347,False
30348,False
30349,True
30350,True
30351,False
30352,False
30353,True
30354,False
30355,False
30356,False
31001,True
31002,True
31003,False
31004,False
31005,True
31006,True
31007,True
31008,True
31009,True
31010,True
31011,True
31012,True
31013,True
31014,True
31015,True
31017,True
31018,True
31019,True
31020,True
31021,True
31022,False
31023,True
31024,False
31025,False
31026,True
31027,False
31028,True
31029,False
31030,True
31031,True
31032,False
31033,False
31034,True
31035,False
31036,False
31037,False
31038,False
31039,True
31040,True
31041,True
31042,True
31043,True
31044,False
31045,True
31046,True
31047,False
31048,False
31049,False
31050,True
31051,False
31052,False
31053,False
31054,False
31055,True
31056,False
31057,False
31058,False
31059,True
31060,True
31061,True
31062,True
31063,True
31064,True
31065,False
31066,False
31067,True
31068,True
31069,False
31070,True
31071,False
31072,True
31073,False
31074,False
31075,False
31076,True
31077,False
31078,True
31079,False
31080,True
31081,True
31082,False
31083,True
31084,False
31085,True
31086,True
31087,False
31088,False
31089,False
31090,True
31091,False
31092,True
31093,False
31094,False
31095,True
31096,True
31097,True
31098,True
31099,True
31100,True
31101,False
31102,True
31103,True
31104,False
31105,True
31106,False
31107,False
31108,True
31109,True
31110,True
31111,True
31112,True
31113,False
31114,True
31115,True
31116,False
31117,False
31118,False
31119,True
31120,True
31121,True
31122,True
31123,True
31124,True
31125,True
31126,True
31127,True
31128,True
31129,True
31130,True
31131,True
31132,True
31133,True
31134,True
31135,False
31136,False
31137,False
31138,True
31139,True
31140,True
31141,True
31142,True
31143,True
31144,True
31145,True
31146,True
31147,True
31148,False
31149,False
31150,False
31151,False
31152,True
31153,False
31155,True
31156,True
31157,False
31158,True
31159,True
31160,False
31161,False
31162,False
31163,False
31164,True
31165,False
31166,False
31167,True
31168,True
31169,False
31170,True
31171,False
31172,True
31173,True
31174,True
31175,True
31176,True
31177,True
31178,True
31179,True
31180,True
31181,False
31182,False
31183,True
31184,False
31185,False
31186,False
31187,False
31188,False
31189,False
31190,True
31191,True
31192,False
31193,True
31194,True
31195,True
31196,False
31197,True
31198,True
31199,True
31200,True
31201,True
31202,False
31203,False
31204,True
31205,False
31206,False
31207,True
31208,True
31209,True
31210,False
31211,False
31212,False
31213,True
31215,False
31216,False
31217,True
31218,True
31219,False
31220,True
31221,True
31222,True
31223,True
31224,True
31225,False
31226,True
31227,False
31228,False
31229,True
31230,False
31231,True
31232,False
31233,False
31234,True
31235,True
31236,True
31237,True
31238,True
31239,True
31240,False
31241,True
31242,True
31243,True
31244,True
31245,True
31246,True
31247,True
31248,False
31249,False
31250,False
31251,True
31252,False
31253,False
31254,False
31255,True
31256,False
31258,False
31259,False
31260,True
31261,True
31262,False
31263,False
31264,False
31265,True
31266,False
31267,False
31268,True
31269,False
31270,True
31271,False
31272,True
31273,False
31274,True
31275,True
31276,True
31277,False
31278,True
31279,True
31280,False
31281,False
31282,False
31283,False
31284,False
31285,False
31286,False
31287,False
31288,False
31289,True
31290,True
31291,False
31292,False
31293,False
31294,True
31295,True
31296,True
31297,False
31299,False
31300,True
31301,True
31302,True
31303,False
31304,True
31305,True
31306,True
31308,True
31309,True
31310,False
31311,False
31312,False
31313,True
31314,True
31315,True
31316,True
31317,True
31318,False
31319,False
31320,False
31321,True
31322,True
31323,True
31324,False
31325,True
31326,True
31327,False
31328,False
31329,True
31330,False
31331,True
31332,True
31333,True
31334,False
31335,True
31336,True
31337,True
31338,False
31339,False
31340,False
31341,False
31342,True
31343,True
31344,True
31345,False
31346,False
31347,True
31348,True
31349,False
31350,True
31351,False
31352,False
31353,False
31354,True
31355,False
31356,False
31357,True
31358,False
31359,False
31360,True
31361,False
31362,False
31363,True
31364,False
31365,True
31366,False
31367,False
31368,False
31369,True
31370,True
31371,True
31372,True
31373,True
31374,False
31375,True
31376,True
31377,False
31378,True
31379,False
31380,True
31381,False
31382,False
31383,False
31384,False
31385,True
31386,True
31387,True
31388,False
31389,False
31390,True
31391,True
31392,True
31393,True
31394,True
31395,False
31396,True
31397,True
31398,True
31399,False
31400,True
31401,False
31402,False
31403,False
31404,True
31405,True
31406,False
31407,False
31408,True
31409,False
31410,False
31411,False
31412,True
31413,True
31414,True
31415,True
31416,False
31417,False
31418,False
31419,False
31420,False
31421,False
31422,False
31423,False
31424,False
31425,False
31426,True
31427,True
31428,True
31429,False
31430,True
31431,True
31432,True
31433,False
31434,True
31435,False
31436,True
31437,False
31439,False
31440,True
31441,True
31442,False
31443,True
31444,True
31445,False
31446,False
31447,True
31448,False
31449,True
31450,False
31451,True
31452,True
31453,False
31454,False
31455,False
31456,True
31457,True
31458,False
31459,False
31460,False
31461,True
31462,False
31463,True
31464,False
31465,True
31466,False
31467,False
31468,True
31469,True
31470,True
31471,True
31472,True
31473,False
31474,True
31475,False
31476,True
31477,True
31478,True
31479,True
31480,False
31481,False
31482,True
31483,True
31484,False
31485,False
31486,False
31487,True
31488,False
31489,False
31490,False
31491,True
31492,False
31493,True
31494,True
31495,True
31496,False
31497,False
31498,True
31499,False
31500,True
31501,False
31502,True
31503,True
31504,True
31505,False
31506,False
31507,False
31508,True
31509,True
31510,True
31511,False
31512,False
31513,True
31514,False
31515,False
31516,False
31517,False
31518,False
31519,False
31520,False
31521,True
31522,True
31523,True
31524,True
31525,False
31526,False
31527,True
31528,True
31529,True
31530,False
31531,True
31532,True
31533,False
31534,True
31535,True
31536,True
31537,True
31538,False
31539,True
31540,True
31541,False
31542,True
31543,True
31544,True
31545,True
31546,True
31547,False
31548,True
31549,True
31550,True
31551,False
31552,True
31553,False
31554,True
31555,False
31556,True
31557,False
31558,True
31559,True
31560,False
31561,False
31562,True
31563,False
31564,True
31565,True
31566,False
31567,False
31568,False
31569,True
31570,True
31571,True
31572,False
31573,False
31574,False
31575,False
31576,False
31577,True
31578,False
31579,False
31580,False
31581,False
31582,False
31583,False
31584,False
31585,True
31586,True
31587,False
31588,False
31589,False
31590,True
31591,True
31592,False
31593,True
32001,True
32002,True
32003,True
32004,True
32005,True
32007,True
32008,True
32009,True
32010,True
32012,True
32013,False
32014,True
32015,True
32016,False
32017,True
32018,True
32019,True
32020,True
32021,True
32022,True
32023,True
32024,True
32025,True
32026,True
32027,True
32028,True
32029,True
32030,True
32031,True
32032,True
32033,True
32034,True
32035,True
32036,True
32037,True
32038,False
32039,True
32040,True
32041,True
32042,True
32043,True
32044,True
32045,True
32046,True
32047,True
32048,True
32049,True
32050,True
32051,True
32052,True
32053,True
32054,True
32055,True
32056,True
32057,True
32058,True
32059,True
32060,True
32061,True
32062,True
32063,True
32064,True
32065,True
32066,True
32067,True
32068,True
32069,True
32070,True
32071,True
32072,True
32073,True
32075,True
32076,True
32077,True
32078,True
32079,True
32080,True
32081,True
32082,True
32083,True
32084,True
32085,True
32086,True
32087,True
32088,True
32089,True
32090,False
32091,False
32092,True
32093,True
32094,True
32095,True
32096,True
32097,True
32098,True
32099,True
32100,True
32101,True
32102,True
32103,True
32104,True
32105,False
32106,True
32107,True
32108,True
32109,True
32110,True
32111,True
32112,True
32113,True
32114,True
32115,True
32116,True
32117,False
32118,True
32119,True
32120,True
32121,False
32122,True
32123,True
32124,True
32125,True
32126,True
32127,True
32128,True
32129,True
32130,True
32131,True
32132,True
32133,True
32134,False
32135,True
32136,True
32138,True
32139,True
32140,True
32141,True
32142,True
32143,True
32144,True
32145,True
32146,True
32147,True
32148,True
32149,True
32150,True
32151,True
32152,True
32153,True
32154,True
32155,True
32156,True
32157,True
32158,True
32159,True
32160,False
32161,True
32162,True
32163,True
32164,True
32165,True
32166,True
32167,True
32169,True
32170,True
32171,True
32172,True
32173,True
32174,True
32175,True
32176,True
32177,True
32178,True
32180,True
32181,True
32182,True
32183,True
32184,True
32185,True
32186,True
32187,True
32188,True
32189,True
32190,True
32191,True
32192,True
32193,True
32194,True
32195,True
32196,True
32197,True
32198,True
32199,True
32200,True
32201,True
32202,True
32203,True
32204,True
32205,True
32206,True
32207,True
32208,True
32209,True
32210,False
32211,True
32212,True
32213,True
32214,True
32215,True
32216,True
32217,True
32218,True
32219,True
32220,True
32221,True
32222,True
32223,True
32224,True
32225,True
32226,True
32227,True
32228,True
32229,True
32230,True
32231,True
32232,True
32233,True
32234,False
32235,True
32236,True
32237,True
32238,True
32239,True
32240,True
32241,True
32242,True
32243,True
32244,True
32245,True
32246,True
32247,True
32248,True
32249,True
32250,True
32251,True
32252,True
32253,True
32254,True
32255,True
32256,True
32257,True
32258,True
32260,True
32261,True
32262,True
32263,True
32264,True
32265,True
32266,True
32267,True
32268,False
32269,True
32270,True
32271,True
32272,True
32273,True
32274,True
32275,True
32276,True
32277,True
32278,True
32279,False
32280,True
32281,True
32282,True
32283,True
32284,True
32285,True
32286,True
32287,True
32288,True
32289,True
32290,True
32291,True
32292,True
32293,True
32294,True
32295,True
32296,True
32297,True
32298,True
32299,True
32300,True
32301,True
32302,True
32303,True
32304,True
32305,True
32306,True
32307,True
32308,True
32309,True
32310,True
32311,True
32312,True
32313,True
32314,True
32315,True
32316,True
32317,True
32318,True
32319,True
32320,True
32321,True
32322,True
32323,True
32324,True
32325,True
32326,True
32327,True
32328,True
32329,True
32330,True
32331,False
32332,True
32333,True
32334,False
32335,True
32336,True
32337,True
32338,True
32339,False
32340,True
32341,True
32342,True
32343,True
32344,True
32345,True
32346,True
32347,True
32348,True
32349,True
32350,True
32351,True
32352,True
32353,True
32354,True
32355,True
32356,True
32357,True
32358,True
32359,True
32360,True
32361,True
32362,True
32363,True
32364,True
32365,True
32366,True
32367,True
32368,True
32369,True
32370,True
32371,True
32372,True
32373,True
32374,True
32375,True
32376,True
32377,True
32378,True
32379,True
32380,True
32381,True
32382,True
32383,True
32384,True
32385,True
32386,True
32387,True
32388,True
32389,True
32390,True
32391,True
32392,True
32393,True
32394,True
32395,True
32396,True
32397,True
32398,True
32399,True
32400,True
32401,True
32402,True
32403,True
32404,True
32405,True
32406,True
32407,True
32408,True
32409,True
32410,True
32411,True
32412,True
32413,True
32414,True
32415,True
32416,True
32417,True
32418,True
32419,True
32420,True
32421,True
32422,True
32423,True
32424,True
32425,False
32426,True
32427,True
32428,True
32429,True
32430,True
32431,True
32432,True
32433,True
32434,True
32435,True
32436,True
32437,True
32438,True
32439,True
32440,True
32441,True
32442,True
32443,True
32444,True
32445,True
32446,True
32447,True
32448,True
32449,True
32450,True
32451,True
32452,True
32453,True
32454,True
32455,True
32456,True
32457,True
32458,True
32459,True
32460,True
32461,True
32462,True
32463,True
32464,True
32465,True
32466,True
32467,True
32468,True
33001,False
33002,True
33003,False
33004,False
33005,False
33006,True
33007,False
33008,True
33009,False
33010,True
33011,False
33012,True
33013,False
33014,False
33015,False
33016,False
33017,True
33018,False
33019,False
33020,True
33021,True
33022,True
33023,False
33024,False
33025,True
33026,True
33027,True
33028,False
33029,False
33030,False
33031,True
33032,False
33033,False
33034,False
33035,False
33036,True
33037,False
33038,True
33039,False
33040,False
33042,False
33043,True
33044,True
33045,False
33046,True
33047,False
33048,True
33049,False
33050,True
33051,False
33052,False
33053,True
33054,False
33055,True
33056,False
33057,True
33058,False
33059,False
33060,True
33061,False
33062,False
33063,False
33064,False
33065,False
33066,False
33067,False
33068,True
33069,False
33070,True
33071,False
33072,True
33073,True
33074,True
33075,False
33076,False
33077,False
33078,False
33079,False
33080,False
33081,False
33082,False
33083,False
33084,False
33085,False
33086,False
33087,False
33088,False
33089,False
33090,False
33093,False
33094,False
33095,True
33096,False
33097,True
33098,False
33099,False
33100,False
33101,True
33102,False
33103,True
33104,True
33105,True
33106,True
33108,False
33109,False
33111,False
33112,True
33113,True
33114,False
33115,True
33116,True
33117,True
33118,False
33119,False
33120,False
33121,True
33122,False
33123,False
33124,False
33125,True
33126,False
33127,False
33128,True
33129,True
33130,True
33131,True
33132,False
33133,False
33134,True
33135,True
33136,True
33137,True
33138,False
33139,True
33140,False
33141,False
33142,False
33143,False
33144,True
33145,False
33146,True
33147,False
33148,False
33149,True
33150,True
33151,False
33152,False
33153,False
33154,False
33155,True
33156,True
33157,False
33158,False
33159,True
33160,False
33161,True
33162,False
33163,True
33164,True
33165,False
33166,False
33167,False
33168,False
33169,False
33170,False
33171,False
33172,False
33173,False
33174,False
33175,True
33176,False
33177,True
33178,True
33179,False
33180,True
33181,False
33182,False
33183,False
33184,False
33185,False
33186,False
33187,False
33188,True
33189,True
33190,True
33191,False
33192,False
33193,True
33194,False
33195,True
33196,False
33197,False
33198,False
33199,False
33200,False
33201,False
33202,True
33203,True
33204,False
33205,False
33206,False
33207,False
33208,True
33209,False
33210,False
33211,True
33212,True
33213,False
33214,True
33215,True
33216,True
33218,False
33219,False
33220,True
33221,False
33222,False
33223,True
33224,True
33225,False
33226,False
33227,True
33228,False
33229,False
33230,False
33231,False
33232,True
33233,False
33234,False
33235,True
33236,False
33237,True
33238,False
33239,True
33240,True
33241,False
33242,False
33243,False
33244,True
33245,False
33246,False
33247,True
33248,True
33249,False
33250,False
33251,True
33252,False
33253,False
33254,False
33255,True
33256,False
33257,False
33258,True
33259,False
33260,False
33261,False
33262,False
33263,False
33264,False
33266,False
33268,True
33269,False
33270,True
33271,True
33272,False
33273,False
33274,False
33275,True
33276,True
33277,True
33278,True
33279,True
33280,True
33281,False
33282,True
33283,True
33284,False
33285,False
33287,False
33288,False
33289,False
33290,False
33291,False
33292,True
33293,False
33294,False
33295,False
33296,False
33297,True
33298,False
33299,True
33300,True
33301,False
33302,False
33303,False
33304,True
33305,True
33306,False
33307,True
33308,False
33309,True
33310,True
33311,False
33312,False
33314,True
33315,False
33316,True
33317,False
33318,False
33319,False
33320,False
33321,False
33322,False
33323,True
33324,False
33325,False
33326,True
33327,False
33328,False
33329,True
33330,False
33331,True
33332,False
33333,True
33334,False
33335,False
33336,True
33337,False
33339,False
33341,False
33342,False
33343,False
33344,False
33345,True
33346,True
33347,False
33348,True
33349,False
33350,False
33351,True
33352,False
33353,True
33354,False
33355,False
33356,False
33357,True
33358,True
33359,False
33360,False
33361,True
33362,False
33363,False
33364,False
33365,False
33366,False
33367,True
33369,False
33370,True
33372,True
33373,False
33374,True
33375,False
33376,False
33377,False
33378,False
33379,True
33380,True
33381,False
33382,False
33383,True
33384,False
33385,False
33386,False
33387,False
33388,False
33389,True
33390,False
33391,True
33392,False
33393,False
33394,False
33395,True
33396,False
33397,False
33398,False
33399,True
33400,True
33401,False
33402,False
33403,False
33404,True
33405,False
33406,False
33407,False
33408,False
33409,True
33411,True
33412,True
33413,False
33414,False
33415,False
33416,False
33417,True
33418,False
33419,True
33420,False
33421,False
33422,False
33423,True
33424,True
33425,False
33426,False
33427,True
33428,False
33429,True
33431,False
33432,True
33433,False
33434,False
33435,True
33436,False
33437,False
33438,True
33439,False
33440,True
33441,False
33442,False
33443,True
33444,False
33445,False
33446,True
33447,False
33448,False
33449,False
33450,True
33451,False
33452,False
33453,False
33454,False
33456,True
33457,True
33458,False
33459,False
33460,False
33461,False
33462,False
33463,False
33464,True
33465,True
33466,False
33467,False
33468,False
33470,False
33471,True
33472,False
33473,False
33474,False
33475,False
33476,True
33477,True
33478,False
33479,False
33480,False
33481,True
33482,True
33483,False
33484,True
33485,False
33486,False
33487,False
33488,False
33489,False
33490,True
33491,False
33492,False
33493,True
33494,True
33496,False
33498,False
33499,False
33500,False
33501,False
33502,False
33503,True
33504,True
33505,False
33506,True
33507,True
33508,True
33509,False
33510,True
33511,True
33512,True
33513,True
33514,True
33515,True
33516,True
33517,True
33518,False
33519,False
33520,True
33521,True
33522,False
33523,True
33524,False
33525,False
33526,False
33527,False
33528,True
33529,False
33530,False
33531,False
33532,False
33533,True
33534,False
33535,False
33536,True
33537,True
33538,True
33539,False
33540,True
33541,True
33542,False
33543,True
33544,True
33545,True
33546,False
33547,True
33548,False
33549,False
33550,False
33551,False
33552,False
33553,False
33554,False
33555,False
34001,False
34002,False
34003,False
34004,True
34005,True
34006,True
34007,True
34008,True
34009,False
34010,False
34011,False
34012,False
34013,False
34014,False
34015,True
34016,False
34017,False
34018,False
34019,True
34020,True
34021,True
34022,False
34023,False
34024,False
34025,False
34026,True
34027,False
34028,True
34029,False
34030,True
34031,False
34032,False
34033,False
34034,True
34035,False
34036,True
34037,False
34038,True
34039,False
34040,True
34041,False
34042,True
34043,False
34044,True
34045,False
34046,True
34047,False
34048,True
34049,True
34050,False
34051,False
34052,True
34053,True
34054,True
34055,True
34056,False
34057,False
34058,False
34059,True
34060,False
34061,False
34062,True
34063,False
34064,True
34065,True
34066,False
34067,True
34068,False
34069,False
34070,True
34071,True
34072,True
34073,False
34074,True
34075,True
34076,False
34077,False
34078,True
34079,False
34080,True
34081,False
34082,False
34083,True
34084,False
34085,False
34086,True
34087,False
34088,False
34089,True
34090,False
34091,True
34092,True
34093,True
34094,False
34095,False
34096,True
34097,True
34098,True
34099,True
34100,True
34101,False
34102,True
34103,False
34104,False
34105,False
34106,True
34107,True
34108,False
34109,False
34110,False
34111,True
34112,True
34113,False
34114,False
34115,True
34116,False
34117,True
34118,False
34119,True
34120,False
34121,True
34122,False
34123,False
34124,False
34125,False
34126,True
34127,False
34128,True
34129,False
34130,True
34131,True
34132,True
34133,True
34134,False
34135,False
34136,False
34137,False
34138,False
34139,False
34140,False
34141,True
34142,True
34143,False
34144,True
34145,False
34146,False
34147,False
34148,False
34149,False
34150,False
34151,False
34152,False
34153,False
34154,False
34155,False
34156,True
34157,False
34158,True
34159,False
34160,True
34161,False
34162,False
34163,False
34164,False
34165,False
34166,False
34167,True
34168,False
34169,False
34170,True
34171,True
34172,False
34173,False
34174,True
34175,False
34176,False
34177,False
34178,False
34179,False
34180,False
34181,False
34182,False
34183,False
34184,False
34185,False
34186,True
34187,True
34188,True
34189,True
34190,True
34191,False
34192,False
34193,True
34194,False
34195,False
34196,True
34197,False
34198,False
34199,False
34200,True
34201,True
34202,False
34203,False
34204,False
34205,True
34206,True
34207,False
34208,False
34209,False
34210,False
34211,True
34212,True
34213,False
34214,False
34215,False
34216,True
34217,False
34218,True
34219,True
34220,True
34221,False
34222,False
34223,False
34224,False
34225,True
34226,True
34227,False
34228,True
34229,True
34230,True
34231,True
34232,True
34233,True
34234,False
34235,True
34236,False
34237,False
34238,False
34239,False
34240,False
34241,False
34242,False
34243,True
34244,False
34245,True
34246,False
34247,False
34248,False
34249,False
34250,True
34251,True
34252,True
34253,True
34254,False
34255,False
34256,False
34257,True
34258,False
34259,False
34260,True
34261,False
34262,False
34263,False
34264,False
34265,False
34266,False
34267,False
34268,True
34269,True
34270,False
34271,True
34272,False
34273,True
34274,False
34276,False
34277,True
34278,True
34279,False
34280,False
34281,False
34282,False
34283,True
34284,True
34285,False
34286,True
34287,False
34288,False
34289,False
34290,False
34291,True
34292,False
34293,True
34294,False
34295,False
34296,False
34297,True
34298,False
34299,False
34300,False
34301,False
34302,True
34303,True
34304,True
34305,True
34306,True
34307,False
34308,True
34309,False
34310,False
34311,False
34312,True
34313,False
34314,False
34315,False
34316,True
34317,True
34318,True
34319,False
34320,False
34321,False
34322,True
34323,False
34324,False
34325,False
34326,True
34327,False
34328,False
34329,False
34331,True
34332,False
34333,False
34334,True
34335,True
34336,False
34337,False
34338,False
34339,True
34340,False
34341,False
34342,False
34343,False
34344,False
35001,False
35002,False
35003,False
35004,True
35005,False
35006,False
35007,False
35008,False
35009,False
35010,False
35012,False
35013,False
35014,False
35015,False
35016,False
35017,False
35018,False
35019,True
35021,False
35022,False
35023,False
35024,False
35025,False
35026,False
35027,False
35028,False
35029,False
35030,False
35031,False
35032,False
35033,False
35034,False
35035,False
35037,False
35038,False
35039,False
35040,False
35041,False
35042,False
35044,False
35045,False
35046,False
35047,False
35049,False
35050,False
35051,False
35052,False
35054,False
35055,False
35056,False
35057,False
35058,False
35059,False
35060,False
35061,False
35062,False
35063,False
35064,False
35065,False
35066,False
35067,False
35068,False
35069,False
35070,False
35071,True
35072,False
35075,True
35076,False
35077,False
35078,False
35079,False
35080,False
35081,False
35082,False
35084,False
35085,False
35086,False
35087,False
35088,False
35089,False
35090,False
35091,False
35092,False
35093,False
35094,False
35095,False
35096,False
35097,False
35098,False
35099,False
35101,False
35102,False
35103,False
35104,False
35105,False
35106,False
35107,False
35108,False
35109,False
35110,False
35111,False
35112,False
35114,False
35115,False
35116,False
35117,False
35118,False
35119,False
35120,False
35121,False
35122,False
35123,False
35124,False
35125,False
35126,False
35127,False
35128,False
35130,False
35131,False
35132,False
35133,False
35134,False
35135,False
35136,False
35137,False
35138,False
35139,False
35140,False
35141,False
35142,False
35143,False
35144,False
35145,False
35146,False
35148,False
35149,False
35150,False
35151,False
35152,False
35153,False
35154,False
35155,False
35156,False
35157,False
35159,False
35160,False
35161,False
35162,False
35163,False
35164,True
35165,False
35166,False
35167,False
35168,False
35169,False
35170,False
35171,False
35172,False
35173,False
35174,False
35175,False
35176,False
35177,False
35178,False
35179,False
35180,False
35181,False
35183,False
35184,False
35185,False
35186,False
35187,False
35188,False
35189,False
35190,False
35191,True
35192,False
35193,False
35194,False
35195,False
35196,False
35197,False
35198,False
35199,False
35200,False
35201,False
35202,False
35203,False
35204,False
35205,True
35206,False
35207,False
35208,False
35210,False
35211,False
35212,False
35214,False
35215,False
35216,False
35217,False
35218,False
35219,False
35220,False
35221,False
35222,False
35223,False
35224,False
35225,False
35226,False
35227,False
35228,False
35229,False
35230,False
35231,False
35232,False
35233,False
35234,False
35235,False
35236,False
35237,False
35238,False
35239,False
35240,False
35241,False
35242,True
35243,False
35244,True
35245,False
35246,False
35247,False
35248,False
35249,False
35250,False
35251,False
35252,False
35253,False
35255,False
35256,False
35257,True
35258,False
35259,False
35260,False
35261,False
35262,False
35263,False
35264,False
35265,False
35266,False
35268,False
35270,False
35271,False
35272,False
35273,True
35274,False
35275,False
35276,False
35277,False
35278,False
35279,False
35280,True
35281,False
35282,False
35283,False
35284,False
35285,False
35286,False
35287,False
35288,False
35289,False
35290,False
35291,False
35292,True
35294,False
35295,False
35296,False
35297,False
35299,False
35300,False
35302,False
35304,False
35305,False
35306,False
35307,False
35308,False
35309,True
35310,False
35311,False
35312,False
35314,False
35315,False
35316,False
35317,False
35318,False
35319,False
35320,False
35321,False
35322,False
35324,False
35325,False
35326,False
35327,False
35328,False
35329,False
35330,False
35331,False
35332,False
35333,False
35334,False
35335,False
35336,True
35337,False
35338,False
35339,False
35340,False
35342,False
35343,False
35345,False
35346,False
35347,False
35350,False
35351,False
35352,False
35353,False
35354,False
35355,False
35356,False
35357,False
35358,False
35359,False
35360,False
35361,False
35362,False
35363,False
36001,True
36002,True
36003,True
36004,True
36005,False
36006,True
36007,True
36008,True
36009,False
36010,True
36011,True
36012,True
36013,True
36014,True
36015,True
36016,True
36017,True
36018,True
36019,True
36020,True
36021,True
36022,True
36023,True
36024,True
36025,True
36026,True
36027,True
36028,True
36029,True
36030,True
36031,True
36032,True
36033,True
36034,True
36035,True
36036,True
36037,True
36038,True
36040,True
36041,True
36042,True
36043,True
36044,False
36045,True
36046,True
36047,True
36048,True
36049,True
36050,True
36051,True
36052,True
36053,True
36054,True
36055,True
36056,True
36057,True
36058,True
36059,True
36060,True
36061,True
36062,True
36063,False
36064,False
36065,True
36066,True
36067,True
36068,True
36069,True
36070,True
36071,False
36073,True
36074,True
36075,True
36076,True
36077,True
36078,True
36079,True
36080,True
36081,True
36082,True
36083,True
36084,True
36085,True
36086,True
36087,True
36088,True
36089,False
36090,True
36091,True
36092,True
36093,True
36094,True
36095,True
36096,True
36097,True
36098,True
36099,True
36100,True
36101,False
36102,True
36103,True
36104,True
36105,True
36106,True
36107,True
36108,True
36109,True
36110,True
36111,True
36112,False
36113,True
36114,True
36115,True
36116,True
36117,True
36118,True
36119,True
36120,True
36121,True
36122,True
36123,True
36124,True
36125,True
36126,True
36127,True
36128,False
36129,True
36130,True
36131,True
36132,True
36133,True
36134,True
36135,True
36136,True
36137,True
36138,True
36139,True
36140,True
36141,True
36142,True
36143,True
36144,True
36145,True
36146,True
36147,True
36148,True
36149,True
36150,True
36152,True
36153,True
36154,True
36155,True
36156,True
36157,True
36158,True
36159,False
36160,True
36161,True
36162,True
36163,True
36164,True
36165,True
36166,True
36167,True
36168,True
36169,True
36170,True
36171,True
36172,True
36173,True
36174,True
36175,True
36176,True
36177,True
36178,True
36179,True
36180,True
36181,True
36182,True
36184,True
36185,True
36186,True
36187,True
36188,True
36189,True
36190,True
36191,True
36192,True
36193,True
36194,True
36195,True
36196,True
36197,True
36198,True
36199,True
36200,True
36202,True
36203,True
36204,True
36205,True
36207,True
36208,True
36209,True
36210,True
36211,False
36212,True
36213,True
36214,True
36215,True
36216,True
36217,True
36218,True
36219,True
36220,True
36221,True
36222,True
36223,True
36224,True
36225,True
36226,True
36227,True
36228,True
36229,True
36230,True
36231,True
36232,True
36233,True
36234,True
36235,True
36236,True
36237,True
36238,True
36239,True
36240,True
36241,True
36242,True
36243,True
36244,True
36246,True
36247,True
36248,True
37001,True
37002,True
37003,False
37004,True
37005,True
37006,False
37007,True
37008,False
37009,False
37010,False
37011,False
37012,True
37013,True
37014,False
37015,False
37016,True
37018,False
37019,True
37020,True
37021,True
37022,False
37023,True
37024,True
37025,False
37026,True
37027,False
37028,True
37029,True
37030,False
37031,True
37032,True
37033,True
37034,True
37035,True
37036,True
37037,True
37038,False
37039,True
37040,True
37041,True
37042,True
37043,False
37044,True
37045,True
37046,False
37047,False
37048,True
37049,True
37050,False
37051,True
37052,False
37053,True
37054,False
37055,True
37056,False
37057,True
37058,True
37059,False
37060,False
37061,True
37062,True
37063,False
37064,True
37065,True
37066,True
37067,False
37068,True
37069,True
37070,False
37071,True
37072,False
37073,False
37074,True
37075,False
37076,True
37077,True
37078,True
37079,False
37080,True
37081,True
37082,True
37083,True
37084,True
37085,False
37086,True
37087,True
37088,True
37089,True
37090,True
37091,False
37092,False
37093,True
37094,True
37095,False
37096,False
37097,True
37098,True
37099,False
37100,False
37101,True
37103,True
37104,False
37105,True
37106,False
37107,True
37108,True
37109,False
37110,False
37111,True
37112,True
37113,True
37114,True
37115,True
37116,False
37117,True
37118,False
37119,True
37121,True
37122,False
37123,True
37124,False
37125,True
37126,True
37127,True
37128,False
37129,True
37130,True
37131,False
37132,True
37133,True
37134,True
37136,True
37137,True
37138,False
37139,False
37140,True
37141,False
37142,True
37143,True
37144,True
37145,True
37146,True
37147,True
37148,True
37149,True
37150,True
37151,False
37152,False
37153,False
37154,False
37155,False
37156,False
37157,True
37158,False
37159,False
37160,False
37161,False
37162,True
37163,False
37165,True
37166,False
37167,False
37168,True
37169,False
37170,True
37171,False
37172,False
37173,True
37174,True
37175,False
37176,True
37177,True
37178,True
37179,False
37180,True
37181,True
37182,False
37183,True
37184,True
37185,False
37186,False
37187,True
37188,True
37189,True
37190,True
37191,True
37192,True
37193,True
37194,False
37195,False
37196,True
37197,False
37198,True
37199,True
37200,False
37201,False
37202,True
37203,False
37204,False
37205,False
37206,False
37207,True
37208,False
37210,False
37211,False
37212,False
37213,True
37214,False
37216,True
37217,False
37218,True
37219,False
37220,True
37221,True
37222,True
37223,True
37224,False
37225,False
37226,True
37228,True
37229,False
37230,False
37231,True
37232,True
37233,False
37234,True
37236,False
37237,False
37238,True
37240,False
37241,True
37242,False
37243,False
37244,True
37245,False
37246,True
37247,True
37248,True
37249,False
37250,False
37251,True
37252,False
37253,False
37254,True
37255,True
37256,True
37257,False
37258,True
37259,True
37260,True
37261,False
37262,True
37263,False
37264,False
37265,True
37266,False
37267,False
37268,True
37269,True
37270,False
37271,False
37272,False
37273,False
37274,True
37275,True
37276,False
37277,True
37278,False
37279,True
37280,True
37281,False
37282,True
38001,False
38002,False
38003,False
38004,False
38005,False
38006,False
38008,True
38009,False
38010,False
38011,False
38012,False
38013,False
38015,False
38017,False
38018,False
38019,False
38020,False
38022,False
38023,True
38026,False
38027,False
38029,False
38030,False
38031,True
38032,True
38033,False
38034,False
38035,False
38036,False
38037,False
38038,False
38039,False
38040,False
38041,False
38042,False
38043,False
38044,False
38045,False
38046,False
38047,False
38048,False
38049,False
38050,False
38051,False
38052,False
38053,False
38054,False
38055,False
38056,False
38057,False
38058,False
38059,False
38060,False
38061,False
38062,False
38063,False
38064,False
38065,False
38066,False
38067,False
38068,False
38069,False
38070,False
38071,False
38072,False
38073,True
38074,False
38075,False
38076,False
38077,False
38078,False
38080,False
38081,False
38082,False
38083,False
38084,False
38085,False
38086,False
38087,False
38089,False
38090,True
38091,False
38092,False
38093,True
38094,False
38095,False
38097,False
38098,False
38099,False
38100,False
38101,False
38102,False
38103,True
38104,False
38105,False
38106,False
38107,False
38108,False
38109,False
38110,False
38111,False
38112,False
38113,True
38114,False
38115,True
38116,False
38117,False
38118,False
38120,False
38124,False
38126,False
38127,True
38128,True
38129,False
38130,False
38131,False
38132,True
38133,False
38134,False
38135,False
38136,False
38137,False
38138,False
38139,False
38140,False
38141,False
38144,False
38146,False
38147,False
38148,False
38149,False
38150,False
38151,False
38152,False
38153,False
38154,True
38155,False
38156,False
38157,False
38158,False
38159,False
38160,False
38161,False
38162,False
38163,False
38166,False
38167,False
38169,False
38170,False
38171,False
38172,False
38173,False
38174,False
38175,False
38176,False
38177,False
38179,False
38180,False
38181,False
38182,False
38183,False
38184,False
38185,False
38186,True
38187,False
38188,False
38189,False
38190,False
38191,False
38192,False
38193,False
38194,False
38195,False
38197,False
38198,False
38199,False
38200,False
38203,False
38204,True
38205,False
38206,False
38207,True
38208,True
38209,True
38210,False
38211,False
38212,False
38213,False
38214,False
38215,False
38216,False
38217,False
38218,True
38219,True
38221,True
38222,False
38223,False
38224,False
38225,False
38226,True
38228,False
38229,False
38230,False
38231,False
38232,False
38235,False
38236,False
38237,False
38238,False
38239,False
38240,False
38241,True
38242,True
38243,True
38244,False
38245,False
38246,False
38247,False
38248,False
38249,False
38250,False
38252,False
38253,False
38254,False
38255,True
38256,False
38257,False
38258,False
38259,False
38260,False
38261,False
38263,False
38264,True
38265,False
38266,False
38267,False
38268,False
38269,False
38270,False
38271,False
38272,False
38273,False
38275,False
38276,False
38277,False
38278,False
38279,False
38280,False
38281,False
38282,False
38283,True
38284,False
38285,False
38286,False
38287,False
38288,False
38289,False
38290,False
38291,False
38292,False
38294,False
38295,False
38296,False
38297,False
38298,False
38299,True
38300,False
38301,True
38303,False
38304,False
38307,False
38308,False
38309,False
38310,False
38311,False
38313,False
38314,False
38315,False
38316,False
38317,False
38318,False
38319,False
38320,False
38321,True
38322,False
38323,False
38324,False
38325,False
38326,False
38328,False
38329,True
38330,False
38331,False
38332,False
38333,False
38334,False
38335,False
38336,False
38337,False
38338,False
38339,False
38340,False
38341,False
38342,True
38343,False
38344,False
38345,False
38346,False
38347,True
38348,False
38349,False
38350,False
38351,False
38352,False
38353,False
38354,False
38355,True
38356,False
38357,False
38358,False
38359,False
38360,False
38361,False
38362,False
38363,False
38364,False
38365,False
38366,True
38368,False
38369,False
38370,False
38372,False
38373,False
38374,False
38375,False
38376,False
38377,False
38378,False
38379,True
38380,False
38381,False
38382,False
38383,False
38384,False
38386,False
38387,False
38388,False
38389,False
38390,False
38391,True
38392,False
38393,False
38394,False
38395,False
38396,False
38397,False
38398,False
38399,False
38400,False
38401,False
38402,False
38403,True
38404,False
38405,False
38406,False
38407,False
38408,False
38409,False
38410,False
38412,False
38413,True
38414,True
38415,False
38416,False
38417,False
38418,False
38419,True
38420,False
38421,False
38422,False
38423,False
38424,True
38425,False
38426,False
38427,False
38428,True
38429,True
38430,False
38431,False
38432,False
38433,False
38434,False
38436,False
38437,False
38438,True
38439,False
38440,False
38442,False
38443,False
38444,True
38445,False
38446,True
38448,False
38449,False
38450,False
38451,False
38452,False
38453,False
38454,False
38455,False
38456,True
38457,False
38458,False
38459,False
38460,False
38462,False
38463,False
38464,False
38465,False
38466,False
38467,False
38468,False
38469,True
38470,True
38471,False
38472,False
38473,False
38474,False
38475,False
38476,False
38478,False
38479,False
38480,False
38481,False
38483,False
38484,False
38485,False
38486,False
38487,False
38488,False
38489,True
38490,False
38492,True
38494,False
38495,False
38496,False
38497,False
38498,False
38499,False
38500,False
38501,False
38503,False
38504,False
38505,True
38507,False
38508,False
38509,False
38511,False
38512,False
38513,True
38514,True
38515,False
38516,False
38517,False
38518,True
38519,False
38520,False
38521,True
38522,True
38523,False
38524,False
38525,False
38526,False
38527,False
38528,False
38529,False
38530,False
38531,False
38532,False
38533,False
38535,False
38536,False
38537,False
38538,False
38539,False
38540,False
38542,False
38543,False
38544,False
38545,False
38546,False
38547,False
38548,False
38549,False
38550,False
38551,False
38552,False
38553,False
38554,False
38555,False
38556,False
38557,False
38558,False
38559,False
38560,False
38561,True
38562,False
38563,False
38564,False
38565,False
38566,False
38567,False
39001,False
39002,False
39003,False
39004,True
39006,True
39007,True
39008,False
39009,False
39010,True
39011,True
39013,False
39014,False
39015,False
39016,True
39017,False
39018,True
39019,False
39020,True
39021,True
39022,True
39024,False
39025,True
39026,True
39027,True
39028,False
39029,False
39030,False
39031,False
39032,False
39034,True
39035,True
39037,True
39038,True
39039,False
39040,False
39041,False
39042,False
39043,True
39045,True
39046,True
39047,False
39048,True
39049,False
39050,False
39051,False
39052,True
39053,True
39054,False
39055,True
39056,False
39057,False
39058,True
39059,False
39060,True
39061,True
39062,True
39063,True
39065,True
39066,False
39068,True
39070,False
39072,True
39073,False
39074,True
39076,False
39077,True
39078,False
39079,True
39080,True
39081,False
39083,True
39084,True
39085,True
39086,True
39088,False
39090,True
39091,True
39092,True
39093,True
39094,False
39095,True
39096,False
39097,False
39099,False
39100,True
39101,False
39102,False
39103,True
39104,False
39105,False
39106,False
39107,True
39108,True
39109,True
39110,True
39111,True
39112,True
39114,False
39116,False
39117,True
39118,False
39119,False
39120,True
39121,False
39122,True
39124,True
39126,True
39127,False
39128,True
39129,True
39130,True
39131,True
39132,True
39133,True
39134,True
39136,True
39137,True
39138,True
39139,True
39140,True
39141,True
39142,True
39143,True
39145,False
39146,False
39147,True
39149,True
39150,False
39151,False
39153,False
39154,True
39155,True
39156,True
39157,False
39159,False
39160,True
39162,False
39163,True
39164,False
39165,True
39166,True
39167,False
39168,False
39169,False
39170,False
39171,False
39172,False
39173,True
39174,False
39175,False
39176,True
39177,True
39178,True
39179,False
39180,True
39182,False
39183,False
39184,False
39185,True
39187,True
39188,True
39189,False
39190,True
39191,False
39192,True
39193,False
39194,False
39196,True
39197,True
39198,False
39199,False
39200,True
39201,True
39202,True
39203,True
39204,True
39205,False
39206,True
39207,True
39208,True
39209,True
39210,False
39211,True
39214,True
39216,False
39217,False
39218,False
39219,False
39220,False
39221,True
39222,True
39223,False
39225,True
39227,True
39228,True
39229,False
39230,True
39232,True
39233,False
39234,True
39235,False
39236,True
39237,True
39238,True
39239,True
39240,True
39241,False
39244,False
39245,True
39246,True
39247,True
39248,True
39249,True
39250,False
39251,False
39252,False
39253,True
39254,True
39255,True
39258,True
39259,True
39261,True
39262,False
39263,False
39265,True
39266,True
39267,True
39268,True
39269,False
39270,False
39271,True
39272,False
39273,True
39274,True
39275,False
39277,False
39278,True
39279,False
39280,False
39281,False
39282,True
39283,False
39284,False
39285,False
39286,False
39288,False
39289,False
39290,True
39291,True
39292,False
39293,False
39295,True
39296,False
39297,False
39298,True
39299,True
39300,False
39301,False
39302,True
39304,False
39305,True
39306,False
39307,False
39308,True
39310,False
39312,True
39313,True
39314,True
39315,True
39317,True
39318,False
39319,False
39320,True
39321,False
39322,True
39323,False
39324,True
39325,False
39326,True
39327,False
39328,False
39329,True
39330,False
39331,True
39333,False
39334,False
39335,True
39336,False
39337,False
39338,True
39339,False
39342,False
39343,True
39344,False
39345,False
39346,True
39348,False
39349,False
39350,True
39351,False
39352,False
39353,True
39354,False
39355,False
39356,False
39359,True
39360,True
39361,True
39362,False
39363,True
39364,False
39365,True
39366,False
39367,False
39368,False
39370,True
39372,True
39373,True
39375,True
39376,False
39377,True
39378,True
39379,False
39380,True
39381,False
39385,True
39386,False
39387,False
39388,False
39389,False
39390,True
39391,True
39392,True
39393,True
39394,True
39396,False
39397,True
39398,True
39399,True
39400,False
39401,False
39402,True
39403,True
39404,False
39405,False
39406,False
39407,False
39408,True
39409,True
39411,False
39412,False
39413,True
39415,True
39418,True
39419,False
39420,True
39421,False
39422,False
39423,True
39424,True
39425,False
39426,False
39427,True
39428,True
39429,True
39430,False
39431,True
39432,True
39434,False
39435,True
39436,True
39437,False
39439,True
39441,False
39443,True
39444,True
39445,True
39446,False
39447,False
39448,True
39449,False
39451,False
39452,False
39453,False
39454,True
39455,True
39456,False
39457,False
39458,False
39460,False
39461,True
39462,False
39463,False
39464,True
39465,False
39466,True
39467,True
39468,True
39469,True
39470,False
39471,False
39472,True
39473,True
39474,True
39475,True
39476,False
39477,True
39478,False
39479,False
39480,False
39481,False
39485,True
39486,False
39487,True
39489,False
39490,True
39491,False
39492,True
39493,True
39494,True
39495,True
39497,True
39498,False
39499,True
39500,True
39501,False
39502,True
39503,False
39504,True
39505,True
39507,True
39508,True
39510,True
39511,True
39512,True
39513,True
39514,True
39517,False
39518,True
39519,True
39520,True
39522,False
39523,False
39525,True
39526,False
39527,True
39528,True
39529,True
39530,True
39531,True
39532,True
39533,True
39534,True
39535,False
39537,False
39538,True
39539,False
39540,False
39543,False
39545,False
39546,True
39547,False
39548,False
39550,True
39551,True
39552,False
39553,False
39554,False
39555,False
39556,True
39557,True
39558,False
39559,True
39560,False
39561,False
39565,True
39567,False
39568,False
39569,True
39570,False
39571,False
39572,False
39573,False
39574,False
39575,True
39576,True
39577,True
39579,False
39581,True
39582,False
39583,True
39584,False
39585,False
39586,True
40001,True
40002,True
40003,False
40004,False
40005,True
40006,True
40007,True
40008,True
40011,True
40012,True
40013,True
40014,True
40015,True
40016,True
40017,True
40018,True
40019,True
40020,True
40021,False
40022,True
40023,True
40024,True
40025,True
40026,True
40027,True
40028,True
40029,True
40030,True
40031,True
40032,True
40033,True
40034,True
40035,False
40036,False
40037,True
40038,True
40039,True
40040,True
40041,True
40042,False
40043,True
40044,False
40046,True
40047,True
40049,True
40050,True
40051,True
40052,True
40053,True
40054,True
40055,True
40056,True
40057,True
40058,True
40059,True
40060,True
40061,True
40062,True
40063,False
40064,True
40065,False
40066,True
40067,True
40068,True
40069,True
40070,True
40071,True
40072,True
40073,True
40074,True
40075,True
40076,True
40077,True
40078,True
40079,True
40080,True
40081,True
40082,True
40083,True
40084,True
40085,True
40086,True
40087,True
40088,False
40089,True
40090,True
40091,True
40092,True
40093,True
40094,True
40095,True
40096,True
40097,True
40098,True
40099,True
40100,True
40101,True
40102,True
40103,True
40104,True
40105,True
40106,True
40108,True
40109,True
40110,True
40111,True
40112,True
40113,True
40114,False
40115,True
40116,True
40117,True
40118,True
40119,True
40120,True
40121,True
40122,True
40123,False
40124,True
40125,False
40126,True
40127,True
40128,True
40129,False
40130,True
40131,True
40132,True
40133,False
40134,True
40135,True
40136,True
40137,True
40138,True
40139,True
40140,True
40141,True
40142,True
40143,True
40144,True
40145,True
40146,True
40147,True
40148,True
40149,True
40150,True
40151,True
40152,True
40153,True
40154,True
40155,True
40156,True
40157,True
40158,True
40159,True
40160,True
40161,True
40162,True
40163,True
40164,True
40165,True
40166,True
40167,True
40168,False
40169,True
40170,True
40171,True
40172,True
40173,True
40174,True
40175,True
40176,True
40177,True
40178,True
40179,False
40180,True
40181,False
40182,False
40183,True
40184,True
40185,True
40186,True
40187,False
40188,True
40189,True
40190,True
40191,True
40192,True
40193,True
40194,True
40195,True
40196,True
40197,True
40198,True
40199,True
40200,True
40201,True
40202,False
40203,True
40204,True
40205,True
40206,True
40207,False
40208,True
40209,False
40210,True
40211,True
40212,True
40213,False
40214,True
40215,True
40216,True
40217,True
40218,True
40219,True
40220,True
40221,True
40222,True
40223,True
40224,True
40225,True
40226,True
40227,True
40228,True
40229,True
40230,True
40231,True
40232,True
40233,True
40234,True
40235,True
40236,True
40237,True
40238,True
40239,True
40240,True
40242,True
40243,True
40244,False
40245,True
40246,True
40247,True
40248,False
40249,True
40250,True
40251,False
40252,True
40253,True
40254,True
40255,True
40256,True
40257,True
40258,True
40259,True
40260,True
40261,False
40262,True
40263,True
40264,False
40265,True
40266,True
40267,True
40268,False
40269,True
40270,True
40271,False
40272,False
40273,False
40274,True
40275,True
40276,True
40277,False
40278,True
40279,False
40280,True
40281,True
40282,True
40283,False
40284,False
40285,True
40286,True
40287,True
40288,True
40289,True
40290,True
40291,False
40292,False
40293,False
40294,False
40295,True
40296,False
40297,True
40298,True
40299,True
40300,False
40301,False
40303,True
40304,False
40305,True
40306,True
40307,True
40308,True
40309,True
40310,False
40311,True
40312,False
40313,True
40314,False
40315,False
40316,True
40317,False
40318,True
40319,True
40320,True
40321,True
40322,True
40323,True
40324,True
40325,True
40326,True
40327,True
40328,False
40329,True
40330,True
40331,True
40332,True
40333,True
40334,False
41001,True
41002,True
41003,False
41004,True
41006,True
41007,True
41008,False
41009,False
41010,False
41012,True
41013,False
41014,True
41016,False
41017,True
41018,False
41019,True
41020,True
41022,True
41024,True
41025,False
41026,True
41027,True
41028,True
41029,False
41030,True
41031,False
41032,False
41034,False
41035,False
41036,True
41037,True
41038,False
41039,False
41040,False
41041,True
41042,True
41043,True
41044,False
41045,False
41046,True
41047,False
41048,True
41049,True
41050,False
41051,True
41052,False
41053,True
41054,True
41055,False
41057,True
41058,True
41059,True
41060,True
41061,False
41062,True
41063,True
41065,True
41066,False
41067,False
41068,True
41069,False
41070,True
41071,False
41072,True
41073,False
41074,True
41075,True
41077,True
41078,True
41079,True
41080,True
41081,True
41083,True
41084,True
41085,True
41086,False
41087,True
41088,True
41089,True
41090,True
41091,False
41093,False
41094,True
41095,True
41096,True
41097,False
41098,True
41099,True
41100,True
41101,False
41102,True
41103,True
41104,False
41105,True
41106,True
41107,True
41108,False
41109,False
41110,False
41112,True
41113,True
41114,False
41115,True
41116,True
41118,True
41119,True
41120,True
41121,True
41122,False
41123,True
41124,False
41125,True
41126,True
41127,True
41128,False
41129,False
41130,False
41131,False
41132,True
41134,False
41135,False
41136,False
41137,False
41138,False
41139,True
41140,True
41141,True
41142,False
41143,True
41144,False
41145,False
41146,True
41147,False
41148,False
41149,True
41150,False
41151,True
41152,True
41153,True
41154,True
41155,False
41156,False
41157,False
41158,False
41159,True
41160,False
41161,True
41163,True
41164,True
41166,True
41167,False
41168,True
41171,True
41172,True
41173,True
41174,True
41175,True
41176,True
41177,True
41178,True
41179,True
41180,True
41181,True
41182,True
41184,True
41185,True
41186,False
41187,True
41188,True
41189,False
41190,True
41191,True
41192,True
41193,True
41194,False
41195,True
41196,True
41198,True
41199,True
41200,False
41201,True
41203,False
41204,False
41205,False
41206,False
41207,False
41208,False
41209,False
41211,True
41212,False
41213,True
41214,True
41215,True
41216,True
41217,True
41218,False
41219,True
41220,False
41221,True
41222,False
41223,False
41224,True
41225,True
41226,False
41228,True
41229,True
41230,False
41231,True
41232,True
41233,False
41234,False
41235,True
41236,True
41237,True
41238,True
41239,True
41241,True
41242,True
41243,True
41245,True
41246,False
41247,True
41248,True
41249,True
41250,True
41251,True
41252,False
41253,True
41254,True
41255,True
41256,True
41258,True
41259,False
41260,True
41261,True
41262,False
41265,True
41266,False
41267,True
41268,True
41269,False
41271,True
41273,True
41274,True
41275,False
41276,False
41277,True
41278,True
41279,True
41280,False
41281,False
41282,True
41283,True
41284,True
41285,True
41286,True
41287,False
41288,False
41289,True
41290,True
41291,True
41292,False
41293,False
41294,False
41295,False
41296,True
41297,True
42001,False
42002,False
42003,False
42005,False
42006,False
42007,False
42008,False
42009,False
42010,False
42011,False
42012,False
42013,False
42014,False
42015,False
42016,False
42017,False
42018,False
42019,False
42020,False
42021,False
42022,False
42023,False
42025,False
42026,False
42027,True
42028,False
42029,False
42030,False
42031,False
42032,False
42033,False
42034,True
42035,False
42036,False
42037,False
42038,False
42039,True
42040,True
42041,False
42042,False
42043,False
42044,False
42045,True
42046,False
42047,True
42048,False
42049,True
42050,False
42051,False
42052,False
42053,False
42054,True
42055,False
42056,False
42058,False
42059,False
42060,False
42061,True
42062,False
42063,True
42064,False
42065,False
42066,False
42067,False
42068,False
42069,False
42070,True
42071,False
42072,True
42073,False
42074,False
42075,False
42076,True
42077,True
42078,True
42079,False
42081,False
42083,False
42084,False
42085,False
42086,False
42087,False
42088,False
42089,False
42090,False
42091,False
42092,False
42093,False
42094,False
42095,False
42096,False
42097,False
42098,True
42099,False
42100,False
42101,False
42102,False
42103,False
42104,False
42105,False
42106,True
42107,False
42108,False
42109,False
42110,False
42112,False
42113,False
42115,False
42116,True
42117,False
42118,True
42119,False
42120,False
42121,False
42122,False
42123,False
42124,False
42125,True
42126,False
42127,False
42128,True
42129,False
42130,False
42131,False
42132,False
42133,False
42134,False
42135,False
42136,False
42137,False
42138,False
42139,False
42140,False
42141,False
42142,False
42143,False
42145,False
42146,False
42147,False
42148,False
42149,False
42150,False
42151,False
42152,False
42153,True
42154,False
42155,False
42156,True
42157,False
42158,False
42159,True
42160,True
42161,False
42162,False
42163,True
42164,True
42165,False
42166,False
42167,False
42168,False
42169,False
42170,False
42171,False
42172,False
42173,True
42174,False
42175,False
42176,False
42177,False
42178,True
42179,False
42180,False
42181,True
42182,False
42183,False
42184,False
42185,False
42186,False
42187,False
42188,False
42189,False
42191,False
42192,False
42193,False
42194,True
42195,True
42196,False
42197,False
42198,False
42199,False
42200,False
42201,False
42202,False
42203,True
42204,False
42205,True
42206,False
42207,False
42208,False
42209,False
42210,False
42211,False
42212,True
42213,False
42214,False
42215,False
42216,False
42217,True
42218,False
42219,False
42220,True
42221,False
42222,False
42223,False
42224,False
42225,False
42226,True
42227,True
42228,False
42229,False
42230,True
42231,False
42232,False
42233,False
42234,False
42235,False
42236,False
42237,False
42238,True
42239,False
42240,False
42241,False
42242,False
42243,True
42245,True
42246,False
42247,True
42248,True
42249,True
42251,False
42252,False
42253,False
42254,False
42255,True
42256,False
42257,True
42259,False
42260,True
42261,False
42262,False
42264,False
42265,False
42266,False
42267,False
42268,True
42269,False
42270,False
42271,False
42272,False
42273,False
42274,True
42275,False
42276,True
42277,True
42278,True
42279,False
42280,False
42281,False
42282,True
42283,False
42284,False
42285,False
42286,False
42287,False
42288,False
42289,True
42290,False
42293,True
42294,False
42295,True
42296,False
42297,False
42298,True
42299,False
42300,False
42301,False
42302,False
42303,True
42304,False
42305,False
42306,False
42307,False
42308,False
42310,False
42311,False
42312,False
42313,False
42314,True
42315,False
42316,False
42317,True
42318,False
42319,False
42320,False
42321,True
42322,False
42323,False
42324,False
42325,True
42326,False
42327,False
42328,False
42329,False
42330,False
42331,False
42332,False
42333,False
42334,False
42335,False
42336,False
42337,True
42338,False
42339,True
43001,True
43002,True
43003,True
43004,True
43005,True
43006,True
43007,True
43008,True
43009,True
43010,True
43011,True
43012,False
43013,True
43014,True
43015,True
43016,True
43017,True
43018,True
43019,True
43020,False
43021,True
43022,True
43023,True
43024,True
43025,False
43026,True
43027,True
43028,True
43029,True
43030,True
43031,True
43032,True
43033,True
43034,False
43035,True
43036,True
43037,True
43038,True
43039,True
43040,True
43041,True
43042,True
43043,True
43044,True
43045,True
43046,True
43047,True
43048,True
43049,True
43050,True
43051,True
43052,True
43053,True
43054,True
43055,True
43056,True
43057,True
43058,False
43059,True
43060,True
43061,True
43062,True
43063,True
43064,True
43065,True
43066,True
43067,True
43068,True
43069,True
43070,True
43071,True
43072,True
43073,True
43074,True
43075,True
43076,True
43077,True
43078,True
43079,True
43080,True
43082,True
43083,True
43084,True
43085,True
43086,True
43087,True
43088,True
43089,True
43090,True
43091,True
43092,True
43093,True
43094,True
43095,True
43096,True
43097,True
43098,True
43099,True
43100,True
43101,True
43102,True
43103,True
43104,True
43105,True
43106,True
43107,True
43108,True
43109,True
43110,True
43111,True
43112,True
43113,True
43114,True
43115,True
43116,True
43117,True
43118,True
43119,True
43120,True
43121,True
43122,True
43123,True
43124,True
43125,True
43126,True
43127,False
43128,True
43129,True
43130,True
43131,True
43132,True
43133,True
43134,True
43135,True
43136,True
43137,False
43138,True
43139,True
43140,True
43141,True
43142,True
43143,True
43144,True
43145,True
43147,True
43148,True
43149,True
43150,True
43151,True
43152,True
43153,False
43154,True
43155,True
43156,True
43157,True
43158,True
43159,True
43160,True
43162,True
43163,True
43164,True
43165,True
43166,False
43167,True
43168,True
43169,True
43170,True
43171,True
43172,True
43173,True
43174,True
43175,True
43177,False
43178,True
43180,True
43181,True
43182,True
43183,True
43184,False
43185,True
43186,True
43187,True
43188,True
43189,True
43190,True
43191,True
43192,True
43193,True
43194,True
43195,True
43196,True
43197,True
43198,True
43199,True
43200,True
43201,True
43202,True
43203,True
43204,True
43205,False
43206,True
43207,True
43208,True
43210,True
43211,True
43212,False
43213,False
43214,True
43215,True
43216,True
43217,True
43218,True
43219,True
43220,True
43221,True
43222,True
43223,True
43224,False
43225,True
43226,True
43227,False
43228,True
43229,True
43230,True
43231,True
43232,True
43233,True
43234,True
43236,False
43237,True
43238,True
43239,True
43240,False
43241,True
43242,True
43244,True
43245,True
43246,False
43247,True
43249,False
43250,True
43251,True
43252,True
43253,True
43254,True
43256,True
43257,True
43258,True
43259,True
43260,True
43261,True
43262,True
43263,True
43264,True
43265,False
43267,True
43268,True
44001,True
44002,False
44003,False
44005,False
44006,False
44007,False
44009,False
44010,False
44012,False
44013,False
44014,False
44015,False
44016,False
44018,False
44019,False
44020,False
44021,False
44022,False
44023,False
44024,False
44025,False
44026,False
44027,False
44028,False
44029,False
44030,False
44031,True
44032,False
44033,False
44035,False
44036,True
44037,False
44038,False
44039,False
44041,False
44043,False
44044,False
44045,False
44046,False
44047,False
44048,False
44049,False
44050,False
44051,True
44052,False
44053,False
44054,True
44055,False
44056,False
44057,False
44058,True
44061,False
44062,False
44063,False
44064,False
44065,True
44066,False
44067,False
44068,False
44069,False
44070,False
44071,False
44072,False
44073,False
44074,False
44075,True
44076,True
44077,False
44078,True
44079,False
44080,False
44081,False
44082,False
44083,False
44084,False
44085,True
44086,True
44087,False
44088,False
44089,False
44090,False
44091,True
44092,False
44094,False
44095,True
44096,False
44097,False
44098,False
44099,True
44100,False
44101,False
44102,False
44103,False
44104,False
44105,True
44106,False
44107,False
44108,False
44109,False
44110,False
44111,False
44112,True
44113,True
44114,False
44115,False
44116,False
44117,False
44118,False
44119,False
44120,False
44121,True
44122,False
44123,False
44124,False
44125,False
44126,False
44127,False
44128,False
44129,False
44130,False
44131,False
44132,False
44133,False
44134,False
44135,False
44136,False
44137,False
44138,True
44139,False
44140,False
44141,False
44142,False
44143,False
44144,False
44145,False
44146,True
44148,True
44149,True
44150,False
44151,False
44152,False
44153,True
44154,False
44155,False
44156,False
44157,False
44158,False
44159,False
44161,False
44162,False
44163,False
44164,False
44165,False
44166,False
44168,False
44169,False
44170,True
44171,False
44172,False
44173,False
44174,False
44175,False
44176,False
44178,False
44179,False
44180,True
44182,False
44183,False
44184,False
44185,False
44186,False
44187,False
44188,False
44189,False
44190,False
44192,False
44193,True
44194,False
44195,False
44196,False
44197,True
44198,False
44199,True
44200,True
44201,False
44202,False
44203,False
44204,False
44205,False
44206,False
44207,False
44208,True
44209,False
44210,False
44211,False
44212,False
44213,False
44214,True
44215,False
44216,False
44217,False
44218,True
44220,False
44221,False
44222,False
44223,False
44224,True
45001,True
45002,False
45004,False
45005,True
45006,False
45008,False
45009,True
45010,False
45011,True
45012,True
45013,False
45014,False
45015,True
45016,True
45017,False
45018,False
45019,False
45020,False
45021,False
45022,False
45023,True
45024,False
45025,True
45026,False
45027,False
45028,False
45029,True
45030,False
45031,False
45032,False
45033,False
45034,False
45035,False
45036,False
45037,True
45038,False
45039,False
45040,True
45041,False
45042,False
45043,False
45044,False
45045,False
45046,False
45047,False
45049,False
45050,False
45051,False
45052,True
45053,True
45054,False
45055,False
45056,False
45058,False
45059,False
45060,True
45061,False
45062,False
45063,False
45064,True
45065,True
45066,True
45067,False
45068,False
45069,False
45070,True
45072,False
45073,False
45074,False
45075,False
45076,False
45077,False
45078,False
45079,False
45080,True
45081,True
45082,False
45083,False
45084,True
45085,False
45086,True
45087,True
45088,True
45089,False
45091,False
45092,False
45093,False
45094,False
45095,False
45096,False
45097,False
45098,False
45099,False
45100,False
45101,False
45102,False
45103,False
45104,False
45105,False
45107,True
45108,False
45109,False
45110,False
45111,False
45112,True
45113,False
45114,False
45115,False
45116,False
45118,True
45119,False
45120,True
45121,False
45122,False
45123,False
45124,False
45125,False
45126,False
45127,False
45129,False
45130,False
45131,False
45132,False
45133,True
45134,True
45135,True
45136,False
45137,False
45138,True
45139,False
45141,True
45142,False
45143,True
45144,False
45145,False
45146,False
45147,False
45148,False
45149,False
45150,False
45151,False
45152,False
45153,False
45154,False
45155,False
45156,False
45157,False
45158,False
45159,False
45160,True
45161,False
45162,False
45164,False
45165,False
45166,False
45167,False
45168,False
45169,False
45170,True
45171,False
45173,False
45174,True
45175,False
45176,False
45177,False
45178,False
45179,False
45180,False
45181,True
45182,False
45183,False
45184,False
45185,False
45186,False
45187,True
45188,False
45189,False
45191,False
45193,False
45194,False
45195,False
45196,False
45197,False
45198,False
45199,False
45200,False
45201,False
45202,False
45203,False
45204,False
45205,False
45206,False
45207,False
45208,False
45209,False
45210,False
45212,False
45213,True
45214,True
45215,False
45216,False
45217,True
45218,False
45219,False
45220,False
45222,False
45223,False
45224,False
45225,False
45226,False
45227,False
45228,False
45229,False
45230,True
45231,True
45232,False
45233,False
45234,False
45235,False
45237,False
45238,True
45239,True
45240,True
45241,False
45242,True
45243,False
45244,False
45245,True
45246,True
45247,False
45248,False
45249,False
45250,False
45251,True
45252,False
45253,False
45254,False
45255,False
45256,True
45257,False
45258,False
45259,False
45260,False
45261,False
45262,False
45263,True
45264,False
45265,False
45266,False
45268,False
45269,False
45270,False
45271,False
45272,False
45273,False
45274,False
45275,False
45276,True
45277,False
45278,False
45279,False
45280,False
45281,False
45282,False
45283,True
45284,False
45285,False
45286,False
45288,False
45289,False
45290,False
45291,False
45292,False
45293,False
45294,False
45296,False
45297,False
45298,False
45299,False
45300,False
45301,False
45302,False
45303,False
45305,False
45306,False
45307,False
45308,False
45309,False
45310,True
45311,False
45312,False
45313,False
45314,False
45315,False
45316,False
45317,False
45320,True
45321,True
45322,False
45323,True
45324,False
45325,True
45326,False
45327,False
45328,False
45329,False
45330,False
45331,False
45332,True
45333,False
45334,True
45335,False
45336,False
45337,False
45338,False
45339,False
45340,False
45341,False
45342,False
45343,False
45344,False
45345,False
45346,False
45347,False
45348,False
46001,True
46002,True
46003,True
46004,True
46005,True
46006,True
46007,True
46008,True
46009,True
46010,True
46011,True
46012,True
46013,True
46015,True
46016,True
46017,True
46018,True
46020,True
46021,True
46022,True
46023,True
46024,True
46026,True
46027,True
46028,True
46029,True
46030,True
46031,True
46032,True
46033,True
46034,True
46035,True
46036,True
46037,True
46038,True
46039,True
46040,True
46041,True
46042,True
46043,True
46044,True
46045,True
46046,True
46047,True
46049,True
46050,True
46051,True
46052,True
46053,True
46054,True
46055,True
46056,True
46057,True
46058,True
46059,True
46060,True
46061,True
46062,True
46063,True
46064,True
46065,True
46066,True
46068,True
46069,True
46070,True
46072,True
46073,True
46074,True
46075,True
46076,True
46078,True
46079,True
46080,True
46081,True
46082,True
46083,True
46084,True
46085,True
46086,True
46087,True
46088,True
46089,True
46090,True
46091,True
46092,True
46093,True
46094,True
46095,True
46096,True
46097,True
46098,True
46100,True
46101,True
46102,True
46103,True
46104,True
46105,True
46106,True
46107,True
46108,True
46109,True
46111,True
46112,True
46113,True
46114,True
46115,True
46116,True
46117,True
46118,True
46119,True
46120,True
46121,True
46122,True
46123,True
46124,True
46125,True
46126,True
46127,True
46128,True
46129,True
46130,True
46131,True
46132,True
46133,True
46134,True
46135,True
46136,True
46137,True
46138,True
46139,True
46140,True
46142,True
46143,True
46144,True
46145,True
46146,True
46147,True
46148,True
46149,True
46151,True
46152,True
46153,True
46154,True
46155,True
46156,True
46157,True
46159,True
46160,True
46161,True
46162,True
46163,True
46164,True
46165,True
46167,True
46168,True
46169,True
46170,True
46171,True
46172,True
46173,True
46174,True
46175,True
46176,True
46177,True
46178,True
46179,True
46180,True
46181,True
46182,True
46183,True
46184,True
46185,True
46186,True
46187,True
46188,True
46189,True
46190,True
46191,True
46192,True
46193,True
46194,True
46195,True
46196,True
46197,True
46198,True
46199,True
46200,True
46201,True
46202,True
46203,True
46204,True
46205,True
46206,True
46207,True
46208,True
46209,True
46210,True
46211,True
46212,True
46213,True
46214,True
46215,True
46216,True
46217,True
46218,True
46219,True
46220,True
46221,True
46222,True
46223,True
46224,True
46225,True
46226,True
46227,True
46228,True
46229,True
46230,True
46231,True
46232,True
46233,True
46234,True
46235,True
46236,True
46237,True
46238,True
46239,True
46240,True
46241,True
46242,True
46243,True
46244,True
46245,True
46246,True
46247,True
46249,True
46250,True
46251,True
46252,True
46253,True
46254,True
46255,True
46256,True
46257,True
46258,True
46259,True
46260,True
46262,True
46263,True
46264,True
46265,True
46266,True
46267,True
46268,True
46269,True
46270,True
46271,True
46272,True
46273,True
46276,True
46277,True
46279,True
46280,True
46281,True
46282,True
46283,True
46284,True
46286,True
46288,True
46289,True
46290,True
46292,True
46293,True
46294,True
46295,True
46296,True
46297,True
46299,True
46301,True
46302,True
46303,True
46304,True
46305,True
46306,True
46307,True
46308,True
46309,True
46310,True
46311,True
46312,True
46313,True
46314,True
46315,True
46316,True
46317,True
46318,True
46319,True
46320,True
46321,True
46322,True
46323,True
46324,True
46328,True
46329,True
46330,True
46332,True
46333,True
46334,True
46335,True
46336,True
46337,True
46338,True
46339,True
46340,True
47001,False
47002,True
47003,True
47004,True
47005,True
47006,False
47007,True
47008,True
47009,True
47010,True
47011,True
47012,True
47013,True
47014,True
47015,False
47016,False
47017,True
47018,True
47019,False
47020,True
47021,True
47022,True
47023,True
47024,False
47025,True
47026,True
47027,False
47028,False
47029,True
47030,True
47031,False
47032,False
47033,True
47034,True
47035,True
47036,True
47037,True
47038,True
47039,True
47040,False
47041,True
47042,True
47043,True
47044,True
47045,True
47046,False
47047,True
47048,True
47049,False
47050,False
47051,False
47052,True
47053,False
47054,True
47055,True
47056,True
47057,True
47058,True
47059,True
47060,False
47061,False
47062,True
47063,True
47064,True
47065,False
47066,True
47067,True
47068,False
47069,False
47070,True
47071,True
47072,True
47073,True
47074,False
47075,False
47076,False
47077,True
47078,True
47079,True
47080,True
47081,False
47082,True
47083,True
47084,True
47085,True
47086,True
47087,True
47088,True
47089,True
47090,True
47091,False
47092,False
47093,True
47094,False
47095,False
47096,True
47097,True
47098,True
47099,True
47100,False
47101,False
47102,True
47103,True
47104,True
47105,True
47106,True
47107,True
47108,False
47109,True
47110,False
47111,True
47112,True
47113,True
47114,True
47115,True
47117,False
47118,True
47119,True
47120,False
47121,True
47122,True
47123,True
47124,True
47125,True
47126,True
47127,False
47128,False
47129,True
47130,False
47131,True
47132,True
47133,True
47134,True
47135,True
47136,True
47137,False
47138,False
47139,True
47140,True
47141,True
47142,True
47143,True
47144,True
47145,False
47146,False
47147,True
47148,True
47150,False
47151,True
47152,True
47154,True
47155,True
47156,False
47157,False
47158,False
47159,False
47160,True
47161,True
47162,True
47163,False
47164,True
47165,False
47167,True
47168,True
47169,False
47170,True
47171,False
47172,True
47173,True
47174,True
47175,True
47176,True
47177,True
47178,True
47179,True
47180,True
47181,True
47182,True
47183,True
47184,True
47185,True
47186,True
47187,True
47188,True
47189,True
47190,True
47191,False
47192,True
47193,True
47194,True
47195,True
47196,True
47197,True
47198,True
47199,True
47200,True
47201,False
47202,True
47203,True
47204,True
47205,True
47206,True
47207,True
47208,True
47209,False
47210,True
47211,True
47212,True
47213,True
47214,True
47215,False
47216,True
47217,True
47218,True
47219,True
47220,True
47221,True
47222,True
47223,True
47224,True
47225,False
47226,True
47227,True
47228,False
47229,True
47230,True
47231,True
47232,True
47233,False
47234,False
47235,True
47236,True
47237,False
47238,False
47239,True
47240,True
47241,True
47242,True
47244,True
47245,True
47246,False
47247,True
47248,True
47249,True
47250,True
47251,True
47252,False
47253,True
47254,True
47255,True
47256,True
47257,False
47258,True
47259,True
47260,True
47262,False
47263,False
47264,True
47265,True
47266,True
47267,True
47269,False
47271,True
47272,True
47273,False
47274,True
47275,True
47276,True
47277,False
47278,True
47279,False
47280,True
47281,True
47282,True
47283,True
47284,True
47285,False
47286,True
47287,True
47288,False
47289,True
47290,True
47291,True
47292,True
47293,False
47294,True
47295,True
47296,True
47297,True
47298,False
47299,True
47300,False
47301,True
47302,True
47303,True
47304,False
47305,True
47306,True
47307,True
47308,True
47309,True
47310,False
47311,True
47312,True
47313,True
47314,True
47315,True
47316,False
47317,True
47318,True
47319,True
47320,True
47321,True
47323,False
47324,True
47325,False
47326,False
47327,True
47328,True
48001,True
48002,True
48003,True
48004,True
48005,True
48007,True
48008,True
48009,True
48010,True
48012,True
48013,True
48015,True
48016,True
48017,True
48018,True
48019,True
48020,True
48021,True
48025,True
48026,True
48027,True
48028,True
48029,True
48030,True
48031,True
48032,True
48034,True
48036,True
48037,True
48038,True
48039,True
48041,True
48042,True
48043,True
48044,True
48045,True
48046,True
48048,True
48050,True
48051,True
48053,True
48054,True
48055,True
48056,True
48058,True
48059,True
48061,True
48063,True
48064,True
48065,True
48067,True
48068,True
48069,True
48070,True
48071,True
48072,True
48073,True
48074,True
48075,True
48077,True
48079,True
48080,True
48081,True
48082,True
48083,True
48085,True
48086,True
48087,True
48088,True
48089,True
48090,True
48091,True
48092,True
48094,True
48095,True
48096,True
48097,True
48098,True
48099,True
48100,True
48103,True
48104,True
48105,True
48106,True
48107,True
48108,True
48110,True
48111,True
48112,True
48115,True
48116,True
48117,True
48119,True
48121,True
48123,True
48124,True
48126,True
48127,True
48128,True
48129,True
48130,True
48131,True
48132,True
48135,True
48136,True
48137,True
48138,True
48139,True
48140,True
48141,True
48144,True
48145,True
48146,True
48147,True
48148,True
48149,True
48150,True
48151,True
48152,True
48153,True
48155,True
48156,True
48157,True
48158,True
48160,True
48161,True
48163,True
48165,True
48166,True
48167,True
48168,True
48169,True
48170,True
48171,True
48173,True
48174,True
48175,True
48176,True
48177,True
48178,True
48179,True
48181,True
48182,True
48185,True
48187,True
48188,True
48190,True
48191,True
48192,True
48193,True
48194,True
48198,True
49002,False
49003,False
49007,False
49008,True
49009,False
49010,True
49011,False
49012,False
49015,False
49017,True
49018,True
49020,False
49021,True
49022,False
49023,False
49026,True
49027,False
49028,False
49029,False
49030,False
49035,False
49036,True
49038,True
49041,False
49045,False
49048,False
49050,False
49053,False
49054,True
49055,False
49056,True
49057,False
49058,False
49060,False
49061,True
49063,False
49064,True
49067,True
49068,False
49069,False
49070,False
49076,True
49080,True
49082,False
49086,False
49089,True
49090,True
49092,False
49099,False
49100,False
49102,False
49107,True
49109,False
49110,True
49112,False
49113,False
49114,False
49120,False
49121,False
49123,False
49125,False
49127,True
49129,False
49130,False
49131,False
49132,True
49135,False
49138,True
49140,False
49155,True
49160,False
49161,True
49163,True
49167,False
49170,True
49171,False
49174,True
49176,True
49178,True
49180,False
49182,False
49183,True
49188,True
49192,False
49193,False
49194,True
49195,False
49200,False
49201,True
49205,True
49209,True
49211,False
49214,False
49215,False
49216,True
49217,True
49218,False
49219,False
49220,True
49221,False
49222,False
49223,False
49224,False
49228,True
49231,False
49235,False
49236,False
49237,True
49240,False
49241,False
49244,False
49246,False
49247,False
49248,True
49253,False
49257,True
49259,False
49260,False
49261,False
49262,False
49266,True
49267,False
49269,False
49271,False
49272,False
49278,False
49283,False
49284,False
49288,False
49291,False
49292,False
49294,False
49298,False
49299,False
49301,False
49302,False
49306,False
49307,False
49308,False
49310,False
49311,False
49321,True
49323,False
49326,False
49328,False
49329,False
49330,True
49331,True
49332,False
49333,True
49334,True
49336,False
49338,False
49339,False
49341,False
49343,False
49344,True
49345,False
49347,True
49352,False
49353,False
49355,False
49358,False
49359,False
49361,False
49362,False
49364,False
49367,True
49368,False
49369,False
49370,False
49371,False
49373,False
49374,False
49377,False
49378,False
49381,False
50002,False
50003,False
50004,False
50006,False
50008,False
50013,False
50015,False
50016,True
50019,True
50021,True
50022,False
50023,True
50024,True
50025,True
50026,False
50027,True
50028,False
50029,True
50030,False
50031,False
50032,False
50033,False
50034,False
50036,True
50038,False
50039,False
50040,True
50041,False
50042,True
50044,False
50045,False
50046,False
50048,True
50049,False
50050,False
50052,True
50054,False
50055,False
50058,False
50059,True
50060,True
50062,True
50064,False
50066,False
50069,True
50070,True
50072,False
50074,True
50076,False
50077,False
50078,True
50079,False
50081,False
50082,False
50083,False
50084,False
50085,False
50086,False
50087,False
50088,True
50090,True
50092,False
50093,False
50094,False
50095,False
50096,False
50097,False
50098,False
50099,True
50101,False
50102,False
50105,False
50106,False
50108,True
50109,False
50110,False
50111,False
50112,True
50115,True
50117,False
50118,True
50120,False
50121,True
50124,True
50126,True
50129,False
50130,True
50135,False
50137,True
50138,False
50139,False
50142,False
50143,False
50144,True
50145,False
50146,True
50147,False
50148,False
50149,False
50150,False
50151,True
50152,True
50155,True
50156,False
50158,True
50159,False
50161,False
50162,False
50164,False
50165,False
50166,True
50167,True
50168,True
50169,False
50172,False
50174,False
50175,False
50176,False
50177,True
50178,False
50181,True
50182,True
50183,False
50184,False
50185,True
50186,False
50188,False
50190,False
50192,False
50193,True
50194,False
50195,True
50196,False
50197,False
50198,True
50199,True
50200,True
50205,True
50207,False
50208,True
50209,False
50210,True
50214,False
50215,True
50216,False
50217,True
50218,False
50219,False
50221,False
50222,False
50225,True
50227,False
50228,False
50229,True
50230,False
50231,False
50232,False
50233,False
50234,True
50235,False
50236,True
50237,False
50238,False
50239,False
50240,False
50241,False
50243,False
50246,True
50247,False
50251,False
50252,False
50253,True
50256,True
50258,False
50259,True
50260,True
50261,False
50262,True
50263,True
50265,True
50266,False
50267,True
50268,False
50269,True
50270,False
50271,True
50272,False
50273,True
50274,True
50275,True
50276,True
50277,False
50278,False
50279,False
50281,False
50282,True
50283,False
50285,False
50288,True
50289,True
50290,True
50291,True
50292,False
50294,False
50295,True
50296,False
50297,False
50298,True
50299,False
50300,True
50302,False
50304,False
50305,False
50310,False
50311,False
50312,True
50315,True
50317,True
50321,False
50324,False
50326,False
50327,False
50328,True
50332,False
50334,True
50335,False
50336,False
50338,True
50340,False
50341,False
50342,False
50345,False
50347,True
50349,False
50350,False
50351,False
50352,False
50353,True
50356,False
50357,True
50359,True
50360,False
50361,False
50362,True
50363,False
50364,False
50365,False
50368,True
50369,False
50370,False
50371,True
50372,True
50373,True
50374,False
50376,False
50378,False
50379,True
50382,False
50384,False
50387,False
50388,False
50389,False
50390,False
50391,True
50393,True
50394,True
50395,False
50397,True
50398,False
50399,True
50400,True
50401,False
50402,False
50403,True
50405,True
50407,True
50408,True
50409,False
50410,True
50411,True
50412,False
50413,True
50417,False
50419,False
50420,False
50421,False
50422,True
50423,False
50425,False
50426,False
50428,True
50429,False
50430,False
50431,False
50433,False
50435,False
50436,True
50437,False
50442,False
50443,True
50444,False
50445,True
50446,False
50447,False
50448,True
50450,True
50451,True
50452,True
50453,True
50454,False
50455,False
50456,True
50457,False
50461,False
50462,True
50463,False
50464,False
50467,False
50468,False
50469,False
50471,False
50472,True
50473,False
50474,True
50475,False
50476,False
50478,False
50479,True
50480,False
50481,True
50482,True
50483,False
50484,True
50486,False
50487,True
50488,False
50489,True
50490,False
50491,False
50492,False
50493,False
50495,True
50496,True
50498,False
50499,True
50500,True
50502,False
50504,False
50505,True
50506,False
50507,False
50509,True
50510,True
50511,False
50512,False
50513,False
50514,True
50517,True
50518,True
50519,False
50521,True
50522,False
50523,True
50525,True
50528,True
50529,True
50531,True
50532,False
50533,True
50535,True
50536,False
50537,False
50538,False
50539,False
50540,False
50541,False
50542,True
50543,True
50546,False
50548,True
50549,False
50550,False
50551,False
50552,True
50553,True
50554,True
50556,False
50562,False
50563,False
50564,True
50565,True
50567,False
50568,False
50569,False
50570,True
50571,True
50572,False
50574,True
50575,False
50576,False
50577,False
50578,False
50579,False
50580,False
50582,True
50584,True
50585,False
50587,False
50588,False
50589,True
50590,True
50591,True
50592,True
50593,False
50594,False
50596,False
50597,True
50598,False
50599,False
50601,False
50603,False
50604,False
50606,True
50607,True
50609,True
50610,False
50612,True
50613,False
50615,False
50616,True
50617,True
50618,False
50619,False
50621,False
50624,False
50626,False
50628,True
50629,True
50633,False
50634,False
50637,True
50639,True
50641,False
50643,False
50647,False
50648,False
51001,True
51002,False
51003,True
51004,True
51005,True
51006,True
51007,False
51008,True
51009,True
51010,True
51012,True
51013,True
51014,False
51015,True
51016,True
51017,True
51018,True
51019,True
51020,False
51022,True
51023,True
51025,False
51027,True
51028,False
51029,False
51030,False
51031,True
51032,True
51033,True
51034,True
51035,True
51036,True
51037,False
51038,True
51039,True
51040,True
51041,True
51042,True
51043,False
51044,False
51045,True
51046,True
51047,True
51048,True
51049,True
51050,True
51051,False
51052,True
51053,True
51054,True
51055,False
51056,True
51057,True
51058,False
51059,True
51060,True
51061,True
51062,True
51063,True
51065,True
51066,True
51068,True
51069,True
51070,True
51071,True
51072,False
51073,True
51074,False
51075,False
51076,False
51077,False
51078,True
51079,False
51080,True
51081,False
51082,True
51083,True
51084,True
51085,False
51086,False
51087,True
51088,False
51089,True
51090,True
51091,True
51092,True
51093,False
51094,True
51095,True
51097,True
51098,True
51099,True
51100,True
51101,False
51102,False
51103,True
51104,True
51105,True
51106,True
51107,True
51108,False
51109,False
51110,True
51111,True
51112,False
51113,True
51115,False
51116,True
51117,True
51118,False
51119,False
51120,True
51121,False
51122,True
51124,True
51125,True
51126,True
51127,True
51128,True
51129,True
51130,True
51132,True
51133,True
51134,True
51135,True
51136,True
51137,True
51138,True
51139,True
51140,True
51141,True
51142,False
51143,True
51144,True
51145,False
51146,True
51147,True
51148,True
51149,True
51150,True
51151,True
51152,False
51153,False
51154,True
51155,True
51156,True
51157,True
51158,True
51160,False
51161,True
51162,True
51163,True
51164,True
51165,True
51166,True
51167,True
51168,False
51169,True
51170,True
51171,False
51172,False
51173,False
51174,True
51175,True
51176,True
51177,False
51178,True
51179,True
51181,False
51182,True
51183,False
51184,True
51185,True
51186,True
51187,False
51188,False
51190,True
51191,True
51192,False
51193,True
51194,False
51195,True
51196,False
51197,True
51198,False
51199,True
51200,False
51201,True
51202,False
51203,True
51204,False
51205,True
51206,True
51208,True
51210,False
51211,True
51212,True
51213,True
51214,True
51215,True
51216,True
51217,False
51218,True
51219,True
51220,True
51222,True
51223,True
51224,True
51225,False
51226,True
51227,True
51228,True
51229,True
51230,False
51231,True
51232,True
51233,True
51234,True
51235,True
51236,True
51237,True
51238,True
51239,True
51240,True
51241,True
51242,False
51243,True
51244,True
51245,False
51246,True
51247,True
51248,True
51249,False
51250,False
51251,False
51252,False
51253,True
51254,True
51255,True
51256,False
51258,True
51259,True
51260,True
51262,True
51263,True
51264,True
51265,True
51266,False
51267,False
51268,True
51269,True
51270,True
51272,True
51273,True
51274,True
51275,True
51276,True
51277,True
51278,False
51279,True
51280,True
51281,False
51282,False
51283,True
51284,True
51285,True
51286,True
51287,False
51288,True
51289,True
51290,True
51291,False
51292,True
51293,False
51294,False
51295,True
51296,True
51298,False
51299,False
51300,True
51301,True
51302,False
51303,True
51304,True
51305,False
51306,True
51307,True
51308,False
51309,True
51310,False
51311,True
51312,True
51313,True
51314,True
51315,True
51316,True
51317,True
51318,False
51319,True
51320,False
51321,True
51322,True
51323,True
51324,True
51325,True
51326,True
51327,True
51328,True
51329,False
51333,False
51334,True
51336,True
51337,False
51338,False
51339,True
51340,True
51341,True
51342,False
51343,True
51344,False
51345,True
51346,False
51348,True
51349,True
51350,True
51351,True
51352,True
51353,True
51354,True
51355,True
51356,True
51357,True
51358,True
51359,True
51360,True
51361,True
51362,False
51363,True
51364,False
51365,False
51367,True
51368,True
51369,True
51370,True
51371,True
51372,True
51373,True
51374,True
51375,False
51376,True
51377,True
51378,False
51379,False
51380,True
51381,True
51382,False
51384,False
51386,True
51387,True
51388,True
51389,True
51390,False
51391,False
51392,False
51393,True
51395,True
51396,False
51397,True
51398,True
51399,True
51402,True
51403,True
51404,True
51406,True
51407,True
51409,True
51410,False
51412,True
51413,False
51414,True
51415,True
51416,True
51417,True
51418,False
51419,True
51420,True
51421,True
51422,False
51423,True
51424,True
51425,True
51426,True
51428,False
51429,False
51430,True
51431,False
51432,True
51433,True
51434,False
51435,True
51436,True
51437,True
51438,True
51439,False
51440,True
51441,True
51442,True
51443,True
51444,False
51445,True
51446,True
51447,True
51448,False
51449,True
51450,False
51451,True
51452,True
51453,False
51454,False
51455,True
51456,True
51457,True
51458,True
51459,True
51460,True
51461,False
51463,True
51464,False
51465,False
51466,True
51468,False
51469,True
51470,True
51471,False
51472,True
51473,True
51474,False
51475,True
51476,False
51477,False
51478,True
51479,False
51480,True
51482,True
51483,False
51484,False
51485,True
51486,True
51487,True
51488,False
51489,True
51490,True
51491,True
51492,True
51493,False
51495,True
51496,True
51497,True
51498,True
51499,True
51500,True
51501,True
51502,True
51503,True
51504,False
51505,True
51506,False
51507,True
51508,True
51509,True
51510,True
51511,True
51512,True
51513,True
51514,True
51515,True
51516,True
51517,True
51518,False
51519,True
51520,True
51521,True
51522,True
51523,True
51524,True
51525,True
51526,True
51527,False
51528,True
51529,True
51530,False
51531,True
51532,False
51533,True
51534,False
51535,True
51536,False
51537,True
51538,True
51539,True
51542,True
51543,True
51544,True
51545,True
51546,True
51547,True
51548,True
51549,True
51550,True
51551,True
51552,True
51553,True
51555,True
51556,True
51557,True
51558,True
51559,True
51560,True
51562,False
51563,True
51564,False
51565,True
51566,True
51567,True
51568,False
51569,False
51570,True
51571,False
51572,True
51573,False
51574,True
51576,False
51577,True
51578,True
51579,True
51580,False
51581,False
51582,False
51583,True
51584,False
51585,False
51586,False
51587,True
51588,True
51589,True
51590,True
51591,False
51592,True
51594,True
51595,True
51596,True
51597,False
51598,True
51599,True
51600,True
51601,True
51602,True
51603,True
51604,False
51605,False
51607,True
51608,True
51609,False
51610,True
51611,True
51612,True
51613,False
51614,False
51616,True
51617,False
51618,True
51619,True
51620,True
51621,True
51622,False
51623,False
51624,True
51625,True
51626,True
51627,True
51628,True
51629,False
51630,True
51631,False
51632,True
51633,False
51634,True
51635,True
51636,False
51637,True
51638,True
51639,True
51640,True
51641,True
51642,True
51643,False
51644,False
51645,True
51646,True
51647,True
51648,True
51649,True
51650,True
51652,True
51654,True
51655,True
51656,True
51657,False
51658,True
51659,True
51660,False
51662,False
51663,False
52001,True
52002,True
52003,True
52004,True
52005,True
52006,False
52007,True
52008,True
52009,True
52011,True
52012,True
52013,True
52014,True
52015,True
52016,True
52017,True
52019,True
52021,False
52022,True
52023,True
52025,True
52027,True
52028,True
52029,True
52030,True
52031,True
52033,True
52034,False
52035,True
52037,True
52038,True
52039,True
52040,True
52042,True
52043,True
52044,True
52045,False
52047,True
52050,True
52051,True
52053,True
52055,True
52056,True
52057,True
52058,True
52059,True
52060,True
52061,True
52062,True
52063,True
52064,True
52065,True
52066,True
52067,True
52069,True
52070,True
52072,True
52074,True
52075,True
52076,True
52079,False
52082,True
52083,True
52084,True
52085,True
52087,True
52088,True
52089,True
52090,True
52091,True
52092,True
52093,True
52094,True
52095,True
52097,True
52099,False
52101,True
52102,True
52103,True
52104,False
52105,True
52106,True
52107,True
52108,True
52109,True
52110,True
52113,True
52114,True
52115,True
52116,True
52118,True
52119,True
52120,True
52121,True
52122,True
52123,False
52124,True
52125,True
52126,True
52127,True
52128,True
52129,True
52130,True
52131,True
52132,True
52133,True
52134,True
52135,True
52136,True
52137,True
52138,True
52140,True
52141,True
52142,True
52145,True
52146,True
52147,True
52149,True
52151,True
52155,True
52156,False
52157,True
52158,True
52159,True
52160,True
52161,True
52162,True
52163,True
52164,True
52165,True
52167,True
52168,True
52169,False
52170,True
52171,False
52172,True
52173,True
52174,True
52175,True
52177,True
52178,True
52179,False
52181,True
52182,False
52183,True
52184,True
52185,True
52187,True
52189,True
52190,True
52193,True
52194,False
52195,True
52196,True
52197,True
52198,False
52199,True
52200,True
52201,True
52203,False
52204,True
52205,True
52206,True
52207,True
52208,True
52211,True
52212,True
52213,True
52214,True
52216,True
52217,True
52218,True
52219,True
52220,True
52221,True
52222,True
52223,True
52227,True
52228,True
52229,True
52230,True
52231,True
52232,True
52233,True
52234,True
52235,False
52237,True
52240,True
52242,True
52243,True
52244,False
52245,True
52246,True
52247,True
52248,True
52249,True
52250,True
52251,True
52253,True
52254,True
52256,True
52257,True
52258,True
52260,True
52264,True
52265,False
52266,True
52267,False
52269,True
52271,True
52272,True
52273,True
52274,True
52275,True
52276,True
52277,True
52278,True
52280,True
52282,True
52284,True
52285,True
52286,True
52287,True
52288,True
52289,True
52290,True
52291,True
52292,True
52294,False
52295,True
52297,True
52298,True
52300,False
52301,True
52302,False
52303,True
52304,True
52305,True
52306,True
52307,True
52308,True
52310,True
52311,True
52312,True
52313,True
52315,True
52316,True
52318,True
52319,True
52320,True
52321,True
52322,True
52325,True
52326,True
52327,False
52328,True
52330,True
52331,True
52332,True
52335,True
52336,False
52337,True
52341,False
52342,True
52344,True
52346,True
52347,False
52348,True
52349,True
52350,True
52352,True
52353,True
52354,True
52355,True
52356,True
52357,True
52358,True
52359,True
52360,True
52362,True
52363,True
52364,True
52365,True
52366,True
52367,True
52369,True
52370,False
52371,True
52372,True
52373,True
52374,True
52375,True
52376,True
52377,True
52378,True
52380,True
52383,True
52384,True
52385,True
52386,False
52388,True
52390,True
52391,True
52392,True
52393,True
52394,True
52395,True
52396,True
52397,True
52398,True
52399,True
52400,True
52401,True
52403,True
52405,True
52406,True
52407,True
52411,True
52413,False
52414,False
52415,True
52416,True
52419,True
52420,True
52421,True
52422,True
52423,True
52424,True
52425,True
52426,True
52428,True
52429,False
52431,True
52432,True
52433,True
52436,True
52437,True
52438,True
52439,True
52440,True
52442,True
52443,True
52444,True
52445,True
52446,True
52447,True
52448,False
52449,True
52450,True
52452,True
52453,True
52455,True
52456,True
52457,True
52459,True
52461,True
52463,True
52464,True
52465,True
52467,True
52468,True
52469,True
52470,True
52472,True
52473,True
52474,True
52475,False
52476,True
52479,True
52480,True
52482,True
52483,True
52484,True
52486,True
52487,True
52488,True
52489,True
52490,True
52491,True
52492,True
52493,True
52494,True
52495,True
52497,False
52499,True
52500,False
52502,False
52503,True
52504,True
52505,True
52506,True
52507,True
52510,False
52511,True
52512,True
52513,True
52514,True
52515,True
52516,True
52517,True
52518,True
52519,True
52520,True
52522,True
52523,True
52524,True
52525,True
52526,True
52528,False
52529,True
52534,False
52535,True
52536,True
52538,True
52539,True
52540,True
52541,True
52542,True
52543,False
52544,True
52545,True
52546,True
52547,True
52548,True
52549,True
52550,False
53001,False
53002,False
53003,True
53005,True
53007,False
53008,False
53009,True
53010,True
53011,True
53012,True
53013,True
53015,True
53016,True
53017,True
53018,True
53019,True
53021,False
53022,True
53023,True
53025,True
53026,False
53027,True
53028,False
53029,True
53030,True
53031,True
53033,True
53034,False
53035,True
53036,True
53037,True
53038,True
53039,False
53040,False
53041,True
53042,True
53043,True
53045,False
53046,True
53047,True
53048,True
53049,False
53051,True
53052,True
53053,True
53054,False
53055,True
53056,False
53057,True
53058,True
53059,True
53061,True
53062,False
53063,True
53064,True
53066,True
53067,True
53068,True
53069,True
53071,True
53072,False
53073,True
53074,False
53075,True
53076,True
53077,True
53078,True
53079,True
53080,True
53082,True
53083,True
53084,True
53085,True
53086,True
53087,True
53088,True
53089,True
53090,True
53091,True
53093,True
53094,False
53096,True
53097,True
53098,True
53099,False
53100,True
53101,False
53102,True
53103,False
53104,True
53105,True
53106,True
53107,True
53108,False
53109,False
53110,True
53111,False
53112,True
53113,True
53114,True
53115,True
53116,True
53117,True
53118,True
53119,False
53120,True
53121,True
53122,True
53123,True
53124,True
53125,True
53126,True
53127,True
53128,True
53129,False
53130,False
53131,True
53132,True
53133,True
53134,True
53135,True
53136,True
53137,False
53139,True
53140,False
53141,False
53142,True
53143,True
53144,False
53145,True
53146,False
53147,False
53148,True
53150,False
53151,True
53152,True
53153,True
53154,True
53155,True
53156,False
53157,False
53158,False
53160,True
53161,True
53162,False
53163,True
53164,True
53165,True
53168,False
53169,False
53170,True
53172,True
53173,True
53174,False
53175,False
53176,True
53177,True
53178,False
53179,False
53180,True
53181,True
53182,False
53184,True
53185,True
53186,True
53187,True
53188,True
53189,True
53190,True
53191,True
53192,True
53193,True
53195,False
53196,True
53197,True
53198,True
53199,True
53200,False
53201,False
53202,True
53203,True
53204,True
53206,True
53208,True
53209,False
53210,True
53211,True
53212,True
53213,True
53214,True
53216,False
53218,True
53219,False
53220,True
53221,True
53222,False
53223,True
53224,False
53225,True
53226,True
53228,True
53229,False
53230,True
53232,True
53233,True
53234,True
53235,True
53236,True
53237,True
53238,True
53249,True
53240,True
53242,True
53243,False
53245,True
53246,True
53247,False
53248,True
53250,True
53251,True
53253,True
53255,True
53256,True
53257,True
53258,True
53259,True
53260,True
53261,True
53262,False
53263,True
53264,True
53265,True
53266,True
53267,True
53269,True
53270,True
53271,True
53272,True
53273,True
53276,True
54001,False
54002,False
54003,True
54004,False
54005,False
54006,False
54007,False
54008,True
54009,False
54010,True
54011,False
54012,False
54013,True
54014,True
54015,False
54016,False
54017,True
54018,False
54019,True
54020,True
54021,False
54022,True
54023,True
54024,False
54025,False
54026,True
54027,False
54028,False
54029,False
54030,True
54031,False
54032,False
54033,False
54034,False
54035,True
54036,False
54037,False
54038,False
54039,False
54040,True
54041,True
54042,False
54043,False
54044,True
54045,False
54046,True
54047,True
54048,False
54049,False
54050,True
54051,False
54052,True
54053,True
54054,False
54055,True
54056,False
54057,True
54058,False
54059,False
54060,False
54061,False
54062,False
54063,True
54064,True
54065,False
54066,False
54067,False
54068,True
54069,False
54070,False
54071,True
54072,False
54073,False
54074,True
54075,True
54076,False
54077,True
54078,True
54079,False
54080,True
54081,False
54082,False
54083,True
54084,False
54085,False
54086,False
54087,True
54088,False
54089,False
54090,False
54091,False
54092,True
54093,False
54094,True
54095,False
54096,False
54097,True
54098,False
54099,False
54100,False
54101,False
54102,False
54103,False
54104,False
54105,True
54106,True
54107,True
54108,False
54109,False
54110,False
54111,False
54112,True
54113,False
54114,False
54115,False
54116,False
54117,False
54118,False
54119,True
54120,False
54121,False
54122,False
54123,False
54124,True
54125,False
54126,False
54127,False
54128,False
54129,True
54130,False
54131,False
54132,False
54133,True
54134,False
54135,True
54136,False
54137,False
54138,False
54139,True
54140,True
54141,False
54142,False
54143,True
54144,False
54145,True
54146,True
54147,True
54148,False
54149,False
54150,False
54151,False
54152,False
54153,True
54154,False
54155,True
54156,True
54157,False
54158,True
54159,False
54160,True
54161,True
54162,False
54163,True
54164,False
54165,False
54166,True
54167,False
54168,False
54169,False
54170,False
54171,False
54172,False
54173,True
54174,False
54175,False
54176,True
54177,True
54178,False
54179,False
54180,False
54181,False
54182,True
54183,True
54184,False
54185,False
54186,False
54187,True
54188,False
54189,True
54190,True
54191,True
54192,False
54193,True
54194,False
54195,True
54196,False
54197,False
54198,False
54199,False
54200,True
54201,False
54202,False
54203,False
54204,True
54205,False
54206,True
54207,True
54208,False
54209,True
54210,True
54211,True
54212,False
54213,False
54214,False
54215,False
54216,False
54217,False
54218,True
54219,False
54220,True
54221,False
54222,True
54223,True
54224,False
54225,False
54226,True
54227,False
54228,True
54229,False
54230,True
54231,False
54232,False
54233,True
54234,False
54235,False
54236,False
54237,True
54238,False
54239,False
54240,True
54241,True
54242,False
54243,False
54244,True
54245,False
54246,True
54247,False
54248,True
54249,True
54250,False
54251,True
54252,False
54253,False
54254,False
54255,True
54256,False
54257,False
54258,True
54259,True
54260,False
54261,False
54262,True
54263,False
54264,False
54265,False
54266,False
54268,True
54269,False
54270,False
54271,True
54272,False
54273,False
54274,False
54275,True
54276,False
54277,False
54278,True
54279,False
54280,False
54281,False
54282,False
54283,False
54284,False
54285,True
54286,False
54287,False
54288,False
54289,False
54290,False
54291,False
54292,True
54293,False
54294,False
54295,False
54296,False
54297,False
54298,False
54299,False
54300,False
54301,False
54302,False
54303,False
54304,False
54305,False
54306,False
54307,False
54308,True
54309,False
54310,False
54311,False
54312,False
54313,False
54314,False
54315,False
54316,True
54317,True
54318,False
54320,False
54321,False
54322,False
54323,False
54324,False
54325,False
54326,False
54327,False
54328,False
54329,False
54330,False
54331,True
54332,False
54333,False
54334,False
54335,True
54336,False
54337,False
54338,False
54339,False
54340,True
54343,True
54344,False
54345,False
54346,False
54348,True
54349,False
54350,False
54351,False
54352,False
54353,True
54354,False
54355,True
54356,True
54357,False
54358,False
54359,False
54360,False
54362,False
54363,False
54364,False
54365,False
54366,False
54367,False
54368,True
54369,False
54370,True
54371,False
54372,False
54373,False
54374,False
54375,False
54376,False
54377,True
54378,False
54379,True
54380,True
54381,True
54382,False
54383,False
54385,False
54386,True
54387,False
54388,True
54389,False
54390,False
54391,False
54392,True
54393,True
54394,False
54395,False
54396,True
54397,False
54398,True
54399,False
54400,False
54401,True
54402,False
54403,False
54404,True
54405,True
54406,True
54407,False
54408,False
54409,False
54410,True
54411,False
54412,False
54413,False
54414,False
54415,False
54416,True
54417,False
54418,True
54419,True
54420,False
54421,True
54422,False
54423,True
54424,False
54425,False
54426,False
54427,True
54428,False
54429,False
54430,False
54431,False
54432,False
54433,False
54434,False
54435,False
54436,False
54437,False
54438,True
54439,False
54440,False
54441,True
54442,False
54443,True
54444,False
54445,True
54446,True
54447,True
54449,False
54450,False
54451,False
54452,True
54453,True
54455,True
54456,True
54457,True
54458,True
54459,False
54460,False
54461,False
54462,False
54463,False
54464,False
54465,False
54466,False
54467,False
54468,False
54469,False
54470,True
54471,False
54472,False
54473,True
54474,False
54475,False
54476,False
54477,True
54478,False
54479,False
54480,True
54481,True
54482,False
54483,False
54484,True
54485,False
54486,False
54487,False
54488,True
54489,False
54490,False
54491,False
54492,False
54493,False
54494,True
54495,False
54496,True
54497,False
54498,False
54499,True
54500,True
54501,True
54502,True
54504,False
54505,True
54507,True
54508,False
54509,False
54510,False
54511,True
54512,True
54513,False
54514,False
54515,False
54516,False
54517,False
54518,True
54519,False
54520,False
54521,False
54522,False
54523,True
54524,False
54525,False
54526,False
54527,False
54528,False
54529,True
54530,True
54531,True
54532,True
54533,False
54534,False
54535,True
54536,False
54537,False
54538,True
54539,False
54540,True
54541,True
54542,False
54543,True
54544,True
54545,True
54546,False
54547,False
54548,True
54549,False
54550,True
54551,True
54552,False
54553,False
54554,False
54555,False
54556,True
54557,False
54558,False
54559,False
54560,False
54561,True
54562,True
54563,False
54564,True
54565,False
54566,False
54567,False
54568,False
54569,False
54570,True
54571,False
54572,False
54573,False
54574,False
54575,False
54576,False
54577,False
54578,False
54579,False
54580,False
54581,False
54582,False
54583,True
54584,False
54585,False
54586,False
54587,False
54588,False
54589,False
54590,False
54591,False
54592,False
54593,True
54594,True
54595,True
54596,False
54597,False
54598,False
54599,True
54600,True
54601,True
54602,False
55001,True
55002,True
55004,True
55005,True
55007,True
55008,True
55009,True
55010,True
55011,True
55012,True
55013,True
55014,True
55015,True
55017,True
55018,True
55021,True
55022,True
55023,True
55024,True
55025,True
55026,True
55027,True
55028,True
55029,False
55031,True
55032,True
55033,True
55034,True
55035,True
55036,True
55037,True
55038,True
55039,True
55040,True
55041,True
55042,True
55043,True
55044,True
55045,True
55046,True
55047,True
55048,True
55049,False
55050,True
55051,True
55053,True
55054,True
55055,True
55057,True
55058,True
55059,True
55060,True
55061,True
55062,True
55063,True
55064,True
55065,True
55066,True
55067,True
55068,True
55069,True
55070,True
55071,True
55072,True
55073,True
55075,True
55076,True
55077,True
55078,True
55079,True
55080,True
55081,True
55082,True
55083,True
55084,True
55085,True
55087,True
55088,True
55089,True
55093,True
55094,True
55095,True
55096,True
55097,True
55099,True
55100,True
55101,True
55102,True
55103,True
55104,True
55105,True
55106,True
55107,True
55108,True
55109,True
55110,True
55111,True
55113,True
55114,True
55115,True
55116,True
55117,True
55118,True
55119,True
55120,False
55121,True
55122,True
55123,True
55124,True
55125,True
55127,True
55128,True
55129,True
55132,True
55133,True
55134,True
55137,True
55138,False
55139,True
55140,True
55141,True
55142,True
55143,True
55144,True
55145,True
55146,True
55148,True
55149,True
55150,True
55153,True
55154,True
55155,True
55156,True
55157,True
55158,True
55159,True
55160,True
55162,True
55163,True
55165,True
55166,True
55167,True
55168,True
55169,True
55170,True
55171,True
55172,True
55173,True
55174,True
55175,True
55177,True
55178,True
55179,True
55180,True
55181,True
55182,True
55183,True
55184,True
55185,True
55186,False
55188,True
55189,True
55191,True
55192,True
55193,True
55194,True
55195,True
55196,True
55197,True
55198,True
55199,True
55200,True
55201,True
55202,True
55204,True
55206,True
55207,True
55208,True
55210,True
55211,True
55212,True
55214,False
55215,True
55216,True
55217,True
55218,True
55219,True
55220,True
55221,False
55222,True
55224,True
55225,True
55226,True
55228,True
55229,True
55232,True
55236,True
55237,True
55239,True
55241,True
55242,True
55243,True
55244,True
55245,True
55246,True
55247,True
55248,True
55250,True
55251,True
55252,True
55253,True
55254,True
55255,True
55256,True
55257,True
55258,True
55260,True
55261,True
55262,True
55263,True
55264,True
55265,True
55266,True
55267,True
55268,True
55269,True
55270,True
55271,True
55272,True
55274,True
55275,True
55276,True
55278,True
55279,True
55280,True
55281,True
55282,True
55284,True
55285,True
55286,True
55288,True
55289,True
55290,True
55291,False
55292,True
55293,True
55295,True
55296,True
55297,True
55298,False
55299,True
55300,False
55301,True
55302,False
55303,True
55304,True
55306,True
55307,True
55310,True
55311,True
55312,True
55313,True
55315,True
55316,True
55317,True
55320,True
55321,True
55322,True
55323,True
55324,True
55325,True
55326,True
55327,True
55328,True
55329,True
55330,True
55331,True
55332,False
55333,True
55334,True
55335,True
55336,True
55338,True
55339,True
55340,True
55341,True
55343,True
55344,True
55345,True
55346,True
55347,True
55348,True
55349,True
55350,True
55351,True
55352,True
55353,True
55355,True
55356,True
55357,True
55358,False
55359,True
55360,True
55361,True
55362,True
55363,True
55364,True
55365,True
55366,False
55367,True
55368,True
55369,True
55370,False
55371,True
55372,False
55373,False
55374,True
55375,True
55376,False
55377,True
55378,True
55379,True
55380,True
55381,True
55382,True
55383,True
55384,True
55385,True
55386,True
55387,True
55388,True
55389,True
55391,True
55394,True
55395,True
55396,True
55397,True
55398,True
55399,True
55400,True
55401,True
55403,True
55404,True
55405,True
55406,True
55407,True
55408,True
55409,True
55410,True
55411,True
55412,True
55414,True
55415,True
55416,True
55419,True
55420,True
55421,True
55422,True
55423,True
55424,True
55425,True
55426,True
55427,True
55428,True
55429,True
55430,True
55431,True
55433,True
55434,True
55435,False
55436,True
55437,True
55438,True
55439,True
55442,True
55443,True
55444,True
55445,True
55446,True
55447,True
55448,True
55449,True
55450,True
55452,False
55453,True
55454,True
55456,True
55457,True
55458,True
55459,True
55460,True
55461,True
55462,True
55463,True
55464,True
55465,True
55466,False
55467,True
55468,True
55469,True
55470,True
55471,True
55472,True
55473,True
55474,True
55475,True
55476,False
55477,True
55479,True
55481,True
55482,True
55484,True
55485,True
55487,True
55488,False
55489,True
55490,True
55492,True
55493,True
55494,True
55495,True
55496,True
55497,True
55498,True
55500,True
55501,True
55502,True
55503,True
55504,False
55505,True
55506,True
55507,True
55508,True
55509,True
55510,True
55511,True
55512,True
55514,False
55515,True
55516,True
55517,True
55518,True
55519,False
55520,True
55521,True
55522,True
55523,True
55525,True
55526,True
55527,True
55528,True
55530,True
55531,True
55532,True
55533,True
55534,True
55535,True
55536,True
55537,True
55540,True
55541,True
55543,False
55544,True
55545,True
55546,True
55547,True
55549,True
55551,True
55552,True
55553,True
55554,True
55555,True
55556,True
55557,True
55559,True
55560,True
55561,True
55562,True
55563,True
55565,True
55566,True
55567,True
55568,True
55569,True
55570,True
55571,True
55572,True
55573,True
55574,True
55575,True
55577,True
55578,True
55579,True
55580,True
55581,True
55582,True
55583,True
55584,True
55586,True
56001,False
56002,False
56003,False
56004,False
56005,False
56006,True
56007,False
56008,False
56009,False
56010,True
56011,False
56012,True
56013,False
56014,True
56015,False
56017,True
56018,False
56019,True
56020,True
56021,False
56022,False
56023,False
56024,False
56025,True
56026,False
56027,True
56028,False
56029,False
56030,False
56031,False
56032,True
56033,True
56034,False
56035,True
56036,False
56039,True
56040,False
56041,True
56042,False
56043,True
56044,True
56045,False
56046,False
56047,False
56048,True
56049,False
56050,True
56051,True
56052,False
56053,False
56054,False
56055,False
56056,True
56057,True
56058,False
56060,False
56061,True
56062,False
56063,False
56065,True
56066,True
56067,False
56068,True
56069,False
56070,True
56071,True
56072,False
56073,True
56074,True
56075,True
56076,False
56077,False
56078,False
56079,True
56080,True
56081,True
56082,True
56083,False
56084,False
56085,False
56086,False
56087,False
56088,False
56089,False
56090,False
56091,True
56092,False
56093,True
56094,False
56096,False
56097,False
56098,False
56099,True
56100,True
56101,False
56102,True
56103,True
56104,False
56105,True
56106,False
56107,False
56108,False
56109,False
56110,True
56111,False
56112,True
56113,True
56114,False
56115,False
56116,False
56117,True
56118,False
56119,False
56120,False
56121,False
56122,True
56123,False
56124,True
56125,True
56126,False
56127,True
56128,True
56129,True
56130,False
56131,True
56132,False
56133,True
56134,True
56135,False
56136,True
56137,False
56139,True
56140,True
56141,True
56143,False
56144,True
56145,True
56146,True
56147,False
56148,False
56149,False
56151,False
56152,False
56153,False
56154,False
56155,False
56156,True
56157,False
56158,False
56159,True
56160,False
56161,False
56162,False
56163,True
56164,False
56165,True
56166,False
56167,False
56168,False
56169,False
56170,True
56171,False
56172,True
56173,True
56174,True
56175,False
56176,False
56177,False
56178,False
56179,False
56180,True
56181,False
56182,True
56184,False
56185,False
56186,False
56188,False
56189,False
56190,False
56191,True
56193,False
56194,False
56195,False
56196,False
56197,True
56198,False
56199,True
56200,True
56201,True
56202,True
56203,True
56204,True
56205,False
56206,False
56207,True
56208,True
56209,True
56210,True
56211,True
56212,False
56213,False
56214,False
56215,False
56216,False
56218,False
56219,True
56220,False
56221,False
56222,True
56223,False
56224,True
56225,True
56226,True
56227,True
56228,True
56229,True
56230,True
56231,False
56232,False
56233,False
56234,False
56236,True
56237,False
56238,True
56239,False
56240,False
56241,False
56242,True
56243,False
56244,True
56245,True
56246,False
56247,False
56248,False
56249,True
56250,False
56251,False
56252,False
56253,True
56254,False
56255,False
56256,True
56257,True
56258,False
56259,False
56260,False
56261,False
56262,False
56263,False
56264,True
57001,False
57002,True
57003,False
57004,True
57006,False
57007,False
57008,False
57009,True
57010,True
57011,True
57012,False
57013,False
57014,False
57015,False
57016,False
57017,False
57018,True
57019,False
57020,False
57021,False
57022,False
57024,False
57025,False
57026,False
57027,False
57028,False
57029,False
57030,False
57031,False
57032,False
57033,False
57034,False
57035,True
57036,True
57037,False
57038,False
57039,False
57040,True
57041,False
57042,True
57043,False
57044,True
57045,True
57046,False
57047,False
57048,False
57049,False
57050,False
57051,False
57052,False
57053,True
57054,True
57055,False
57056,False
57057,False
57058,False
57059,True
57060,True
57061,False
57062,False
57063,False
57064,False
57065,True
57066,False
57067,False
57069,False
57070,False
57071,False
57072,False
57073,False
57074,False
57075,False
57076,False
57077,True
57079,False
57080,False
57081,True
57082,False
57083,False
57084,True
57085,False
57086,False
57087,False
57088,False
57089,False
57090,True
57091,False
57092,False
57093,False
57095,False
57096,False
57097,False
57098,True
57099,True
57100,False
57101,False
57102,False
57103,False
57104,False
57105,False
57106,False
57107,True
57108,False
57109,False
57110,False
57111,False
57112,False
57113,False
57114,False
57115,False
57116,False
57117,False
57118,False
57119,False
57120,True
57121,False
57122,False
57123,False
57124,False
57125,False
57126,True
57127,False
57128,False
57129,False
57130,True
57131,False
57132,True
57133,True
57134,False
57136,False
57137,False
57138,True
57139,False
57140,False
57141,True
57142,False
57143,False
57144,False
57145,False
57146,False
57147,False
57148,False
57149,False
57150,False
57151,True
57152,False
57153,False
57154,False
57155,False
57156,False
57158,True
57159,False
57160,False
57161,True
57162,False
57163,False
57165,False
57166,True
57167,False
57168,False
57169,False
57171,True
57172,False
57173,False
57174,False
57175,True
57176,False
57177,True
57178,False
57179,False
57180,False
57181,True
57182,True
57183,True
57186,False
57187,False
57188,False
57189,False
57190,False
57191,False
57192,False
57193,False
57194,False
57195,False
57196,False
57197,False
57198,False
57199,False
57200,False
57201,False
57202,False
57203,False
57204,False
57205,False
57206,False
57207,False
57208,False
57209,False
57210,False
57211,False
57212,False
57213,False
57214,False
57215,False
57216,False
57217,False
57218,False
57219,False
57220,False
57221,False
57222,False
57224,False
57225,True
57226,False
57227,False
57228,True
57229,True
57230,False
57231,False
57232,True
57233,False
57234,False
57235,False
57236,True
57237,False
57238,True
57239,False
57240,False
57241,True
57242,False
57244,False
57245,False
57246,True
57247,True
57248,True
57249,False
57250,False
57251,False
57252,False
57253,True
57254,False
57255,False
57256,False
57257,True
57258,False
57259,False
57260,False
57261,False
57262,False
57263,False
57264,False
57265,True
57266,True
57267,False
57268,True
57269,False
57270,True
57271,False
57272,True
57273,False
57274,False
57275,False
57276,False
57277,False
57278,True
57280,False
57281,True
57282,False
57283,False
57284,False
57286,False
57287,False
57288,False
57289,False
57290,True
57291,False
57292,True
57293,False
57294,False
57295,True
57296,False
57297,False
57298,False
57299,False
57300,False
57301,False
57302,False
57303,False
57304,False
57305,False
57306,False
57307,False
57308,False
57309,False
57310,False
57311,False
57312,False
57313,False
57314,False
57315,False
57316,False
57317,False
57318,False
57319,False
57320,True
57321,False
57322,False
57323,False
57324,False
57325,False
57326,False
57328,False
57329,False
57330,False
57331,False
57332,False
57333,False
57334,False
57335,True
57336,False
57337,False
57338,False
57339,False
57340,False
57341,False
57342,True
57343,False
57344,False
57345,False
57346,True
57347,True
57348,False
57349,True
57350,False
57351,False
57352,False
57353,True
57354,True
57355,False
57356,False
57357,False
57358,False
57359,False
57360,False
57361,False
57362,True
57364,False
57365,False
57366,False
57367,False
57368,False
57370,False
57371,False
57372,False
57373,False
57374,False
57375,True
57376,False
57377,False
57379,False
57380,False
57381,True
57382,True
57383,True
57384,False
57385,False
57386,False
57387,False
57388,False
57389,False
57390,False
57391,True
57392,False
57393,False
57394,True
57395,True
57396,False
57397,True
57398,False
57399,True
57401,True
57402,False
57403,False
57404,True
57405,True
57406,True
57407,False
57408,False
57409,False
57410,True
57411,False
57412,False
57413,False
57414,False
57415,False
57416,False
57417,True
57418,True
57419,False
57421,False
57422,False
57423,True
57424,True
57425,False
57426,False
57427,False
57428,False
57430,False
57431,False
57433,False
57434,True
57436,True
57437,False
57438,False
57439,False
57440,True
57441,False
57442,False
57443,False
57444,False
57445,False
57446,True
57447,False
57448,True
57449,False
57451,True
57452,False
57453,False
57454,False
57455,False
57456,False
57457,False
57459,False
57460,False
57461,False
57462,False
57463,False
57464,False
57465,False
57466,False
57467,False
57468,False
57469,False
57470,True
57471,False
57472,False
57473,True
57474,False
57475,False
57476,False
57477,False
57478,True
57479,False
57480,False
57481,False
57482,False
57483,False
57484,False
57485,True
57486,True
57487,False
57488,True
57489,False
57490,True
57491,False
57492,False
57493,True
57494,True
57495,False
57496,True
57497,False
57498,False
57499,False
57500,False
57501,True
57502,False
57504,False
57505,False
57506,False
57507,False
57508,False
57509,False
57510,False
57511,False
57512,False
57513,False
57514,False
57515,False
57516,False
57517,False
57518,False
57519,False
57520,True
57521,False
57524,True
57525,True
57526,False
57527,False
57528,True
57529,False
57530,False
57531,False
57532,False
57533,False
57534,False
57535,False
57536,False
57537,False
57538,True
57539,True
57540,False
57541,False
57542,False
57543,False
57544,False
57545,False
57546,False
57547,False
57548,False
57549,False
57550,False
57551,False
57552,False
57553,False
57554,False
57555,True
57556,False
57557,False
57558,True
57559,True
57560,False
57561,False
57562,False
57563,False
57564,True
57565,False
57566,False
57567,False
57568,False
57569,False
57570,False
57571,False
57572,False
57573,True
57574,False
57575,False
57576,False
57577,False
57578,False
57579,True
57580,True
57581,False
57582,False
57583,True
57584,False
57586,False
57587,True
57588,False
57589,False
57590,False
57591,False
57592,False
57593,False
57594,False
57595,True
57596,False
57597,False
57598,False
57599,False
57600,False
57601,False
57602,False
57603,False
57604,False
57605,False
57606,False
57607,False
57609,True
57610,False
57611,True
57612,False
57613,False
57614,False
57615,False
57616,False
57617,False
57618,False
57619,False
57620,False
57621,True
57622,False
57623,False
57624,False
57625,True
57626,False
57627,False
57628,False
57629,False
57630,False
57631,False
57633,False
57634,False
57635,False
57636,False
57637,False
57638,False
57639,False
57640,False
57641,False
57642,False
57643,False
57644,False
57645,False
57647,False
57648,False
57649,False
57650,False
57651,False
57652,False
57653,False
57654,False
57655,False
57656,False
57657,True
57658,False
57659,False
57660,False
57661,False
57662,False
57663,False
57664,True
57665,False
57666,False
57667,False
57668,False
57669,False
57670,False
57671,False
57672,False
57673,False
57674,True
57675,True
57676,False
57677,False
57678,False
57679,False
57680,False
57681,False
57682,False
57683,False
57684,False
57685,True
57686,False
57687,False
57689,False
57690,False
57691,False
57692,True
57693,False
57694,False
57695,False
57696,False
57697,False
57698,False
57700,False
57701,False
57702,True
57703,False
57704,False
57705,False
57706,True
57707,False
57708,False
57709,False
57711,True
57712,True
57713,False
57714,False
57715,False
57716,False
57717,False
57718,False
57719,True
57720,False
57721,False
57723,True
57724,False
57725,True
57726,False
57727,True
57728,False
57730,False
57731,False
57732,False
57733,False
57734,False
57736,False
57737,False
57738,False
57739,False
57740,False
57741,False
57742,False
57743,False
57745,False
57746,False
57747,False
57748,False
57749,False
57750,False
57751,False
57752,False
57753,True
57754,True
57755,True
57756,False
57757,False
57759,True
57760,False
57761,False
57762,False
57763,True
57764,False
57765,False
57767,False
58001,True
58002,True
58003,True
58004,True
58005,True
58006,True
58007,True
58008,True
58009,True
58010,True
58011,True
58012,True
58013,True
58014,True
58015,True
58016,True
58017,True
58018,True
58019,True
58020,True
58021,True
58023,True
58024,True
58025,True
58026,True
58027,True
58028,True
58029,True
58030,True
58031,True
58032,True
58033,True
58034,True
58035,True
58036,True
58037,True
58038,True
58039,True
58040,True
58041,True
58042,True
58043,True
58044,True
58045,True
58046,True
58047,True
58048,True
58049,True
58050,True
58051,False
58052,True
58053,True
58054,True
58055,True
58056,True
58057,True
58058,True
58059,True
58060,True
58061,True
58062,True
58063,True
58064,True
58065,True
58066,True
58067,True
58068,True
58069,True
58070,True
58071,True
58072,False
58073,True
58074,True
58075,True
58076,True
58077,True
58078,True
58079,True
58080,True
58081,True
58082,True
58083,True
58084,True
58085,True
58086,True
58087,True
58088,False
58089,True
58090,True
58092,True
58093,True
58094,True
58095,True
58096,True
58097,True
58098,True
58099,True
58101,True
58102,True
58103,True
58104,True
58105,True
58106,True
58107,True
58108,True
58109,True
58110,True
58111,True
58112,True
58113,True
58114,True
58115,True
58116,True
58117,False
58118,True
58119,True
58120,True
58121,False
58122,True
58123,True
58124,False
58125,True
58126,False
58127,True
58128,True
58129,True
58130,True
58131,False
58132,True
58133,True
58134,True
58135,True
58136,True
58137,True
58138,True
58139,True
58140,True
58141,True
58142,True
58143,True
58144,True
58145,True
58146,True
58147,True
58148,True
58149,True
58150,True
58151,True
58152,False
58153,True
58154,True
58155,True
58156,True
58157,True
58158,True
58159,True
58160,False
58161,True
58162,True
58163,True
58164,True
58165,True
58166,True
58168,True
58169,True
58170,True
58171,True
58172,True
58173,True
58174,True
58175,True
58176,True
58177,True
58178,True
58179,True
58180,True
58181,True
58182,True
58183,True
58184,True
58185,True
58186,True
58187,True
58188,True
58189,True
58190,True
58191,True
58192,True
58193,True
58194,False
58195,True
58196,True
58197,True
58198,True
58199,True
58200,True
58201,True
58202,True
58203,True
58204,True
58205,True
58206,True
58207,False
58208,True
58209,True
58210,True
58211,True
58212,True
58213,True
58214,False
58215,True
58216,True
58217,True
58218,True
58219,True
58220,True
58221,True
58222,True
58223,True
58224,True
58225,False
58226,True
58227,True
58228,True
58229,True
58230,True
58231,True
58232,True
58233,True
58234,True
58235,True
58236,True
58237,True
58238,False
58239,True
58240,True
58241,True
58242,True
58243,True
58244,True
58245,True
58246,True
58247,True
58248,True
58249,True
58250,True
58251,True
58252,True
58253,True
58254,False
58255,True
58256,True
58257,True
58258,True
58259,True
58260,True
58261,True
58262,True
58263,True
58264,True
58265,True
58266,True
58267,True
58268,True
58269,True
58270,True
58271,True
58272,True
58273,False
58274,True
58275,True
58276,True
58277,True
58278,False
58279,True
58280,True
58281,True
58282,True
58283,True
58284,True
58285,True
58286,True
58287,True
58288,True
58289,True
58290,True
58291,True
58292,True
58293,True
58294,True
58295,True
58296,True
58297,True
58298,True
58299,True
58300,False
58301,True
58302,True
58303,False
58304,True
58305,True
58306,True
58307,True
58308,True
58309,True
58310,True
58311,True
58312,True
58313,True
59001,False
59002,False
59003,False
59004,False
59005,False
59006,False
59007,False
59008,False
59009,False
59010,False
59011,False
59012,False
59013,False
59014,False
59015,False
59016,False
59017,False
59018,False
59019,False
59021,False
59022,False
59023,False
59024,False
59025,False
59026,False
59027,False
59028,False
59029,False
59031,False
59032,False
59033,False
59034,False
59035,False
59036,False
59037,False
59038,False
59039,False
59041,False
59042,False
59043,False
59044,False
59045,False
59046,False
59047,False
59048,False
59049,False
59050,False
59051,False
59052,False
59053,False
59054,False
59055,False
59056,False
59057,False
59058,False
59059,False
59060,False
59061,False
59062,False
59063,False
59064,False
59065,False
59066,False
59067,False
59068,False
59069,False
59070,False
59071,False
59072,False
59073,False
59074,False
59075,False
59076,False
59077,False
59078,False
59079,False
59080,False
59081,False
59082,False
59083,False
59084,False
59085,False
59086,False
59087,False
59088,False
59089,False
59090,False
59091,False
59092,False
59093,False
59094,False
59096,False
59097,False
59098,False
59099,False
59100,False
59101,False
59102,False
59103,False
59104,False
59105,False
59106,False
59107,False
59108,False
59109,False
59110,False
59111,False
59112,False
59113,False
59114,False
59115,False
59116,False
59117,False
59118,False
59119,False
59120,False
59121,False
59122,False
59123,False
59124,False
59125,False
59126,False
59127,False
59128,False
59129,False
59130,False
59131,False
59132,False
59133,False
59134,False
59135,False
59136,False
59137,False
59138,False
59139,False
59140,False
59141,False
59142,False
59143,False
59144,False
59145,False
59146,False
59147,False
59148,False
59149,False
59150,False
59151,False
59152,False
59153,False
59155,False
59156,False
59157,False
59158,False
59159,False
59160,False
59161,False
59162,False
59163,False
59164,False
59165,False
59166,False
59167,False
59168,False
59169,False
59170,False
59171,False
59172,False
59173,False
59174,False
59175,False
59176,False
59177,False
59178,False
59179,False
59180,False
59181,False
59182,False
59183,False
59184,False
59185,False
59186,False
59187,False
59188,False
59189,False
59190,False
59191,False
59192,False
59193,False
59194,False
59195,False
59196,False
59197,False
59198,False
59199,False
59200,False
59201,False
59202,False
59203,False
59204,False
59205,False
59206,False
59207,False
59208,False
59209,False
59210,False
59211,False
59212,False
59213,False
59214,False
59215,False
59216,False
59217,False
59218,False
59219,False
59220,False
59221,False
59222,False
59223,False
59224,False
59225,False
59226,False
59227,False
59228,False
59229,False
59230,False
59231,False
59232,False
59233,False
59234,False
59236,False
59237,False
59238,False
59239,False
59240,False
59241,False
59242,False
59243,False
59244,False
59246,False
59247,False
59249,False
59250,False
59251,False
59252,False
59253,False
59254,False
59255,False
59256,False
59257,False
59258,False
59259,False
59260,False
59261,False
59262,False
59263,False
59264,False
59265,False
59266,False
59267,False
59268,False
59269,False
59270,False
59271,False
59272,False
59273,False
59274,False
59275,False
59276,False
59277,False
59278,False
59279,False
59280,False
59281,False
59282,False
59283,False
59284,False
59285,False
59286,False
59287,False
59288,False
59289,False
59290,False
59291,False
59292,False
59293,False
59294,False
59295,False
59296,False
59297,False
59299,False
59300,False
59301,False
59302,False
59303,False
59304,False
59305,False
59306,False
59307,False
59308,False
59309,False
59310,False
59311,False
59312,False
59313,False
59314,False
59315,False
59316,False
59317,False
59318,False
59319,False
59320,False
59321,False
59322,False
59323,False
59324,False
59325,False
59326,False
59327,False
59328,False
59329,False
59330,False
59331,False
59332,False
59333,False
59334,False
59335,False
59336,False
59337,False
59338,False
59339,False
59340,False
59341,False
59342,False
59343,False
59344,False
59345,False
59346,False
59347,False
59348,False
59349,False
59350,False
59351,False
59352,False
59353,False
59354,False
59356,False
59357,False
59358,False
59359,False
59360,False
59361,False
59363,False
59364,False
59365,False
59366,False
59367,False
59368,False
59369,False
59370,False
59371,False
59372,False
59374,False
59375,False
59377,False
59378,False
59379,False
59381,False
59382,False
59383,False
59384,False
59385,False
59386,False
59387,False
59388,False
59389,False
59390,False
59391,False
59392,False
59393,False
59394,False
59395,False
59396,False
59397,False
59398,False
59399,False
59400,False
59401,False
59402,False
59403,False
59405,False
59406,False
59407,False
59408,False
59409,False
59410,False
59411,False
59412,False
59413,False
59414,False
59415,False
59416,False
59418,False
59419,False
59420,False
59421,False
59422,False
59423,False
59424,False
59425,False
59426,False
59427,False
59428,False
59429,False
59430,False
59431,False
59432,False
59433,False
59434,False
59435,False
59436,False
59437,False
59438,False
59439,False
59440,False
59441,False
59442,False
59443,False
59444,False
59445,False
59446,False
59447,False
59448,False
59449,False
59450,False
59451,False
59452,False
59453,False
59454,False
59455,False
59456,False
59457,False
59458,False
59459,False
59461,False
59462,False
59463,False
59464,False
59465,False
59466,False
59467,False
59468,False
59469,False
59470,False
59471,False
59472,False
59473,False
59474,False
59475,False
59476,False
59477,False
59478,False
59479,False
59480,False
59481,False
59482,False
59483,False
59484,False
59485,False
59486,False
59487,False
59488,False
59489,False
59490,False
59491,False
59492,False
59493,False
59494,False
59495,False
59496,False
59497,False
59498,False
59499,False
59500,False
59501,False
59502,False
59503,False
59504,False
59505,False
59506,False
59507,False
59508,False
59509,False
59511,False
59512,False
59513,False
59514,False
59515,False
59516,False
59517,False
59518,False
59519,False
59520,False
59521,False
59522,False
59523,False
59524,False
59525,False
59526,False
59527,False
59528,False
59529,False
59530,False
59531,False
59532,False
59533,False
59534,False
59535,False
59536,False
59537,False
59538,False
59539,False
59541,False
59542,False
59543,False
59544,False
59545,False
59546,False
59547,False
59548,False
59549,False
59550,False
59551,False
59552,False
59553,False
59554,False
59555,False
59556,False
59557,False
59558,False
59559,False
59560,False
59562,False
59563,False
59564,False
59565,False
59566,False
59567,False
59568,False
59569,False
59570,False
59571,False
59572,False
59573,False
59574,False
59575,False
59576,False
59577,False
59578,False
59579,False
59580,False
59581,False
59582,False
59583,False
59584,False
59585,False
59586,False
59587,False
59588,False
59589,False
59590,False
59591,False
59592,False
59593,False
59594,False
59595,False
59596,False
59597,False
59598,False
59599,False
59600,False
59601,False
59602,False
59603,False
59604,False
59605,False
59606,False
59607,False
59608,False
59609,False
59610,False
59611,False
59612,False
59613,False
59614,False
59615,False
59616,False
59617,False
59618,False
59619,False
59620,False
59622,False
59623,False
59624,False
59625,False
59626,False
59627,False
59628,False
59629,False
59630,False
59631,False
59632,False
59633,False
59634,False
59635,False
59636,False
59637,False
59638,False
59639,False
59640,False
59641,False
59642,False
59643,False
59645,False
59646,False
59647,False
59648,False
59649,False
59650,False
59651,False
59652,False
59653,False
59654,False
59655,False
59656,False
59657,False
59658,False
59659,False
59660,False
59661,False
59662,False
59663,False
59664,False
59665,False
59666,False
59667,False
59668,False
59669,False
59670,False
60001,True
60002,False
60003,True
60004,True
60005,False
60006,False
60007,False
60008,False
60009,False
60010,False
60011,False
60012,False
60013,False
60014,False
60015,False
60016,False
60017,True
60019,False
60020,False
60021,False
60022,False
60023,False
60024,False
60025,False
60026,True
60027,False
60028,False
60029,False
60030,False
60031,False
60032,False
60033,False
60034,False
60035,False
60036,False
60037,False
60039,True
60040,False
60041,False
60042,False
60043,False
60044,False
60045,False
60046,False
60047,False
60048,False
60049,True
60050,False
60051,True
60052,False
60053,False
60054,False
60055,False
60056,False
60057,False
60058,True
60059,False
60060,False
60061,False
60062,False
60063,False
60064,False
60065,False
60066,False
60067,False
60068,False
60069,False
60070,False
60071,False
60072,False
60073,False
60074,False
60075,True
60076,True
60077,True
60078,False
60079,False
60081,False
60082,True
60083,False
60084,True
60085,True
60086,False
60087,False
60088,False
60089,False
60090,False
60091,False
60092,False
60093,False
60094,False
60095,False
60097,False
60098,True
60099,False
60100,False
60101,False
60102,False
60103,False
60104,True
60105,False
60106,False
60107,False
60108,True
60109,True
60110,True
60111,True
60112,False
60113,True
60114,True
60115,False
60116,False
60117,False
60118,False
60119,False
60120,False
60121,False
60122,True
60123,True
60124,False
60125,False
60126,False
60127,False
60128,True
60129,False
60130,False
60131,True
60132,False
60133,False
60134,False
60135,False
60136,True
60137,False
60138,False
60139,False
60140,False
60141,False
60142,False
60143,False
60144,False
60145,False
60146,True
60147,False
60148,False
60149,False
60150,False
60151,False
60152,False
60153,True
60154,False
60155,False
60156,False
60157,False
60158,False
60159,False
60160,False
60161,True
60162,False
60163,True
60164,False
60165,False
60166,False
60167,False
60168,False
60169,False
60170,False
60171,False
60172,False
60173,False
60174,False
60175,False
60176,False
60177,False
60178,True
60179,False
60180,True
60181,False
60182,True
60183,True
60184,False
60185,False
60186,False
60187,False
60188,False
60189,False
60190,False
60191,False
60192,False
60193,True
60194,True
60195,False
60196,False
60197,False
60198,False
60199,True
60200,False
60201,False
60203,False
60204,False
60205,True
60206,False
60207,False
60208,False
60209,False
60210,False
60211,False
60212,False
60213,False
60214,True
60215,False
60216,False
60217,True
60218,False
60219,True
60220,False
60221,True
60222,False
60223,False
60224,False
60225,False
60226,False
60227,False
60228,False
60229,False
60230,False
60231,False
60232,False
60233,True
60234,False
60235,False
60236,False
60237,True
60238,False
60239,False
60240,True
60241,False
60242,True
60243,False
60244,True
60245,True
60247,False
60248,True
60249,False
60250,False
60251,False
60252,False
60253,True
60254,False
60255,False
60256,False
60257,False
60258,False
60259,False
60260,False
60261,False
60262,False
60263,False
60264,False
60265,True
60267,True
60268,False
60269,True
60270,False
60271,True
60272,False
60273,False
60274,False
60275,True
60276,False
60277,False
60278,False
60279,False
60280,True
60281,False
60282,False
60283,True
60284,False
60285,False
60286,True
60287,False
60288,True
60289,True
60290,False
60291,False
60292,False
60293,False
60294,False
60295,True
60296,True
60297,True
60298,True
60299,True
60301,True
60302,False
60303,True
60304,True
60305,False
60306,True
60307,False
60308,False
60309,False
60310,False
60311,True
60312,True
60313,False
60314,True
60315,False
60316,False
60317,False
60318,False
60319,False
60320,False
60321,False
60322,False
60323,False
60324,False
60325,False
60326,False
60327,False
60328,False
60329,False
60330,False
60331,False
60332,False
60333,False
60334,False
60335,True
60336,True
60337,False
60338,False
60339,False
60340,False
60341,False
60342,False
60343,False
60344,False
60345,False
60346,False
60347,True
60348,False
60350,False
60351,False
60352,False
60353,True
60354,True
60355,False
60356,False
60357,False
60358,False
60359,False
60360,False
60361,False
60362,False
60363,False
60364,False
60365,True
60366,False
60367,False
60368,False
60369,False
60370,False
60371,True
60372,True
60373,False
60374,False
60375,False
60376,False
60377,True
60378,False
60379,False
60380,False
60381,False
60382,False
60383,False
60385,False
60386,False
60387,True
60388,True
60389,False
60390,True
60391,False
60392,False
60393,False
60394,False
60395,False
60396,False
60397,True
60398,False
60399,True
60400,False
60401,False
60402,False
60403,False
60404,False
60405,True
60406,False
60407,True
60408,False
60409,False
60410,False
60411,False
60412,False
60413,False
60414,False
60415,False
60416,False
60418,False
60420,False
60421,False
60422,False
60423,False
60424,False
60425,True
60426,False
60427,False
60428,False
60429,False
60430,False
60431,False
60432,False
60433,False
60434,False
60435,True
60436,True
60437,False
60438,False
60439,False
60440,False
60441,False
60442,True
60443,False
60444,True
60445,False
60446,False
60447,False
60448,False
60449,False
60450,False
60451,False
60452,False
60454,False
60456,False
60457,True
60458,True
60459,False
60460,True
60461,False
60462,False
60463,False
60464,False
60465,True
60466,False
60468,False
60469,False
60470,True
60471,False
60472,True
60473,False
60474,False
60476,True
60477,False
60478,False
60479,False
60480,True
60481,False
60482,False
60483,False
60484,True
60485,True
60486,True
60487,False
60488,False
60489,False
60490,False
60491,False
60492,False
60493,True
60494,False
60495,False
60496,True
60497,False
60498,False
60499,False
60500,False
60501,False
60502,False
60503,False
60504,False
60505,False
60506,False
60507,False
60508,False
60509,False
60510,False
60511,False
60512,False
60513,False
60514,True
60515,False
60516,False
60517,False
60518,True
60519,False
60520,True
60521,True
60522,False
60523,False
60524,False
60525,False
60526,False
60527,False
60528,False
60529,False
60530,False
60531,False
60533,False
60534,False
60535,True
60536,False
60537,False
60538,False
60539,False
60540,False
60541,False
60542,False
60543,False
60544,True
60545,True
60546,False
60547,False
60548,False
60549,True
60550,True
60551,False
60552,False
60553,False
60554,False
60555,True
60556,False
60557,True
60558,False
60559,False
60560,False
60561,False
60562,False
60563,False
60564,False
60565,True
60566,True
60567,False
60568,False
60569,False
60570,False
60571,True
60572,False
60573,True
60574,False
60575,False
60576,False
60577,False
60578,False
60579,False
60581,False
60582,False
60583,False
60584,False
60585,False
60586,False
60587,False
60588,True
60589,False
60590,True
60591,False
60592,False
60593,False
60594,True
60595,False
60596,True
60597,False
60598,False
60599,True
60600,False
60601,False
60602,True
60603,False
60604,True
60605,True
60608,True
60609,False
60610,False
60611,True
60612,False
60613,False
60614,False
60615,True
60616,False
60617,False
60618,False
60619,False
60620,False
60621,False
60622,True
60623,True
60624,True
60625,False
60626,False
60627,True
60628,False
60629,True
60630,False
60631,False
60632,False
60633,True
60634,True
60635,False
60636,False
60637,False
60638,False
60639,False
60640,False
60641,False
60642,False
60643,False
60644,False
60645,False
60646,False
60647,False
60648,True
60650,False
60651,False
60652,False
60653,False
60654,False
60655,False
60656,False
60657,False
60658,False
60659,False
60660,False
60661,False
60662,False
60663,False
60664,True
60665,False
60666,False
60667,False
60668,False
60669,False
60670,False
60671,False
60672,False
60673,True
60674,False
60675,False
60676,False
60677,False
60678,False
60679,False
60680,False
60681,False
60682,False
60683,False
60684,False
60685,False
60686,False
60687,False
60688,True
60689,False
60691,True
60692,True
60693,False
60695,False
60697,True
60698,False
60699,True
60700,False
60701,False
60702,False
60703,False
61001,False
61002,True
61005,True
61006,True
61007,False
61008,True
61010,True
61011,False
61012,True
61013,True
61014,True
61015,True
61017,True
61018,True
61020,True
61021,True
61023,True
61024,False
61026,True
61028,True
61029,True
61030,False
61032,True
61034,True
61035,True
61036,True
61037,True
61038,True
61039,True
61040,False
61041,True
61043,True
61044,False
61046,True
61048,True
61049,True
61050,True
61051,True
61052,True
61053,True
61054,True
61055,True
61056,True
61060,True
61061,True
61062,True
61063,True
61064,True
61066,True
61067,True
61068,True
61069,False
61070,False
61071,True
61072,True
61074,True
61075,True
61076,True
61077,False
61078,False
61079,True
61080,True
61081,True
61082,True
61084,True
61085,True
61086,True
61087,True
61088,True
61089,True
61091,True
61092,True
61093,True
61094,False
61095,False
61096,True
61097,True
61098,True
61099,True
61100,True
61101,True
61102,False
61103,True
61104,True
61105,True
61107,True
61108,True
61111,False
61113,True
61114,True
61116,True
61117,False
61118,True
61120,True
61121,True
61122,True
61123,True
61124,False
61126,True
61129,True
61130,True
61133,True
61137,True
61138,True
61139,True
61140,True
61141,False
61142,True
61143,False
61145,True
61146,False
61148,False
61149,False
61150,True
61151,True
61152,True
61153,True
61156,True
61158,True
61159,True
61160,True
61162,True
61163,False
61164,True
61165,False
61166,True
61167,True
61168,True
61169,False
61170,True
61171,True
61176,True
61178,True
61180,True
61181,True
61182,True
61183,True
61187,True
61188,True
61189,True
61190,True
61192,True
61193,True
61194,True
61195,True
61196,True
61197,True
61198,True
61199,True
61202,True
61203,False
61206,True
61207,True
61208,True
61209,True
61210,True
61211,True
61212,True
61213,True
61214,True
61215,True
61216,True
61217,True
61218,False
61219,False
61221,False
61222,False
61224,False
61225,True
61227,True
61228,True
61229,True
61230,True
61232,True
61233,True
61234,False
61237,True
61238,True
61240,True
61241,True
61242,True
61243,True
61244,True
61248,True
61251,True
61252,True
61255,True
61256,True
61257,True
61258,True
61259,True
61260,True
61261,True
61262,True
61263,True
61264,True
61265,True
61266,True
61267,True
61268,True
61269,False
61271,True
61272,True
61273,True
61274,True
61275,True
61276,True
61277,True
61278,False
61279,False
61281,True
61283,True
61284,True
61286,True
61287,False
61288,True
61289,True
61290,True
61291,True
61292,True
61293,True
61294,True
61295,True
61297,True
61298,True
61300,True
61301,True
61302,True
61303,True
61304,True
61307,True
61308,True
61309,True
61310,True
61314,True
61316,True
61317,True
61319,True
61321,False
61322,True
61323,True
61324,True
61326,True
61327,True
61328,True
61329,True
61330,True
61331,True
61332,True
61333,True
61336,True
61339,True
61341,False
61342,True
61344,True
61345,True
61346,True
61347,True
61348,True
61349,True
61350,True
61351,True
61352,True
61357,True
61358,True
61360,True
61361,True
61362,False
61363,True
61365,True
61366,True
61367,True
61369,True
61370,True
61371,True
61372,False
61373,True
61374,True
61375,True
61376,False
61379,True
61381,True
61382,True
61384,True
61385,True
61386,True
61387,True
61388,True
61389,True
61390,True
61391,False
61392,True
61393,True
61394,True
61395,True
61396,True
61397,False
61398,True
61399,True
61400,True
61401,True
61402,True
61404,True
61405,True
61406,True
61407,False
61408,True
61411,True
61412,True
61413,True
61414,True
61415,True
61416,True
61418,True
61419,True
61420,True
61421,True
61422,True
61423,True
61424,True
61425,True
61426,True
61427,True
61429,True
61432,True
61433,False
61435,True
61436,True
61438,True
61439,True
61440,True
61442,True
61443,False
61444,True
61445,True
61446,True
61447,False
61448,True
61450,True
61451,True
61452,True
61453,True
61454,True
61456,True
61457,True
61459,False
61460,True
61461,True
61462,True
61463,True
61464,True
61466,False
61467,False
61472,True
61473,True
61474,True
61475,True
61476,True
61479,True
61480,True
61481,True
61482,True
61483,True
61484,True
61485,True
61486,True
61487,True
61488,True
61490,True
61491,True
61492,True
61493,True
61494,True
61497,False
61498,True
61499,True
61500,True
61501,True
61502,True
61503,True
61505,True
61507,True
61508,True
61510,True
61512,True
62001,False
62002,False
62003,False
62004,False
62005,False
62006,False
62007,False
62008,False
62009,False
62010,False
62011,False
62012,False
62013,False
62014,False
62015,False
62016,False
62017,True
62018,True
62019,False
62020,False
62021,True
62022,False
62023,False
62024,False
62025,False
62026,True
62027,False
62028,False
62029,False
62030,False
62031,False
62032,False
62033,False
62034,False
62035,False
62036,True
62037,False
62038,False
62039,False
62040,False
62041,False
62042,False
62043,False
62044,False
62045,False
62046,True
62047,True
62048,False
62049,False
62050,True
62051,False
62052,False
62053,False
62054,False
62055,False
62056,False
62057,False
62058,True
62059,False
62060,True
62061,True
62062,True
62063,False
62064,False
62065,False
62066,True
62067,False
62068,False
62069,True
62070,False
62071,True
62072,False
62073,False
62074,False
62075,False
62076,False
62077,False
62078,False
62079,False
62080,False
62081,False
62082,False
62083,False
62084,False
62085,False
62086,False
62087,False
62088,False
62089,False
62090,True
62091,False
62092,False
62093,False
62094,False
62095,False
62096,False
62097,False
62099,False
62100,True
62101,True
62102,True
62103,False
62104,False
62105,False
62106,False
62107,False
62108,False
62109,True
62111,False
62112,False
62113,False
62114,True
62115,False
62116,False
62117,False
62118,False
62119,False
62120,False
62121,False
62122,False
62123,True
62124,False
62125,False
62126,False
62127,True
62128,False
62129,False
62130,False
62131,False
62132,False
62133,False
62134,True
62135,False
62137,True
62138,True
62139,False
62140,False
62141,False
62142,True
62143,True
62144,False
62145,False
62146,False
62147,False
62148,False
62149,False
62150,True
62151,False
62152,False
62153,False
62154,True
62155,False
62156,False
62157,True
62158,True
62160,False
62161,False
62162,False
62163,True
62164,False
62165,False
62166,True
62167,False
62168,True
62169,False
62170,False
62171,True
62172,False
62173,False
62174,False
62175,True
62176,False
62177,True
62178,False
62179,False
62180,True
62181,False
62182,True
62183,True
62184,False
62185,False
62186,False
62187,True
62188,False
62189,False
62190,False
62191,False
62192,False
62193,False
62194,False
62195,False
62196,False
62197,False
62198,False
62199,False
62200,False
62201,False
62202,True
62203,False
62204,True
62205,False
62206,False
62207,False
62208,False
62209,True
62211,False
62212,True
62213,False
62214,False
62215,False
62216,False
62217,False
62218,False
62219,True
62220,True
62221,False
62222,True
62223,False
62224,False
62225,False
62227,True
62228,False
62229,False
62230,False
62231,False
62232,False
62233,False
62234,True
62235,False
62236,True
62237,False
62238,True
62239,False
62240,False
62241,False
62242,False
62243,False
62244,False
62245,False
62246,True
62247,True
62248,False
62249,False
62250,False
62251,False
62252,False
62253,False
62254,False
62255,False
62256,True
62257,True
62258,True
62259,False
62260,True
62261,False
62262,False
62263,False
62264,False
62265,False
62266,False
62267,False
62268,False
62269,False
62270,False
62271,False
62272,False
62273,False
62274,False
62275,True
62276,False
62277,False
62278,False
62279,False
62280,False
62281,False
62282,True
62283,True
62284,False
62285,False
62286,False
62288,False
62289,False
62290,False
62291,False
62292,False
62293,True
62295,False
62296,True
62297,False
62298,False
62299,True
62300,False
62301,True
62302,True
62303,True
62304,False
62306,False
62307,False
62308,False
62309,False
62310,False
62311,False
62312,False
62313,False
62314,False
62315,False
62316,False
62317,False
62318,False
62319,False
62320,False
62321,False
62322,False
62323,False
62324,False
62325,False
62326,False
62327,False
62328,False
62329,False
62330,False
62331,False
62332,False
62333,True
62334,False
62335,True
62336,False
62337,True
62338,False
62339,True
62340,True
62341,False
62342,True
62343,False
62344,True
62345,True
62346,True
62347,False
62348,True
62349,False
62350,False
62351,False
62352,True
62353,False
62354,False
62355,False
62356,False
62357,True
62358,False
62359,True
62360,False
62361,True
62362,False
62363,False
62364,True
62365,True
62366,False
62367,True
62368,False
62369,False
62370,True
62371,False
62372,False
62373,False
62374,False
62375,False
62376,False
62377,False
62378,False
62379,False
62380,False
62381,True
62382,True
62383,False
62384,False
62385,False
62386,False
62387,False
62388,True
62389,False
62390,False
62391,False
62392,False
62393,False
62395,True
62396,True
62397,False
62398,True
62399,False
62400,False
62401,False
62402,False
62403,False
62404,False
62405,False
62406,False
62407,False
62408,False
62409,False
62410,False
62411,True
62412,False
62413,False
62414,False
62415,False
62416,True
62418,False
62419,False
62421,False
62422,False
62423,False
62424,False
62425,False
62426,False
62427,False
62428,False
62429,False
62430,False
62432,False
62433,True
62434,False
62435,True
62436,True
62437,True
62438,False
62439,False
62440,False
62441,False
62442,True
62443,False
62444,False
62445,False
62446,False
62447,True
62448,False
62449,True
62450,True
62451,True
62452,False
62453,True
62454,False
62455,False
62456,False
62457,False
62458,False
62459,False
62460,False
62461,True
62462,True
62463,True
62464,False
62465,False
62466,True
62467,True
62468,True
62469,False
62470,True
62471,False
62472,False
62473,False
62474,False
62475,False
62476,False
62477,False
62478,False
62479,False
62480,False
62481,True
62483,False
62484,False
62485,False
62486,False
62487,False
62488,False
62489,False
62490,False
62491,False
62492,True
62493,False
62494,False
62495,False
62496,False
62497,False
62498,False
62499,False
62500,False
62501,True
62502,False
62503,False
62504,False
62505,False
62506,False
62507,False
62508,False
62509,False
62510,False
62511,False
62512,False
62513,True
62514,True
62515,False
62516,False
62517,False
62518,True
62519,True
62520,False
62521,True
62522,True
62523,False
62524,False
62525,False
62526,False
62527,False
62528,False
62529,False
62530,False
62531,False
62532,False
62533,True
62534,False
62535,False
62536,False
62537,False
62538,True
62539,True
62540,False
62541,True
62542,False
62543,False
62544,False
62545,True
62546,False
62547,True
62548,False
62549,True
62550,True
62551,True
62552,True
62553,True
62554,False
62555,False
62556,True
62557,False
62558,True
62559,False
62560,False
62561,False
62562,True
62563,False
62564,False
62565,True
62566,False
62567,False
62568,False
62569,False
62570,False
62571,False
62572,False
62573,False
62574,False
62576,True
62577,True
62578,False
62579,False
62580,True
62581,True
62582,False
62583,False
62584,False
62585,False
62586,False
62587,False
62588,False
62589,False
62590,True
62591,False
62592,False
62593,False
62594,False
62595,False
62596,True
62597,False
62598,False
62599,False
62600,True
62601,True
62602,False
62603,False
62604,False
62605,True
62606,False
62607,True
62608,False
62609,False
62610,False
62611,False
62612,False
62613,False
62614,False
62615,False
62616,True
62617,False
62618,False
62619,False
62620,False
62621,False
62622,False
62623,False
62624,False
62625,True
62626,False
62627,False
62628,False
62629,False
62630,False
62631,True
62632,False
62633,True
62634,False
62635,True
62636,False
62637,False
62638,False
62639,False
62640,False
62641,True
62642,False
62643,False
62644,False
62645,False
62646,False
62647,True
62648,True
62649,False
62650,False
62651,False
62652,True
62653,False
62654,False
62655,True
62656,False
62657,False
62658,False
62659,True
62660,False
62661,True
62662,False
62663,False
62664,False
62665,True
62666,False
62667,False
62668,True
62669,True
62670,True
62671,False
62672,False
62673,False
62674,False
62675,False
62676,False
62677,True
62678,False
62679,False
62680,False
62681,False
62682,True
62683,True
62684,False
62685,True
62686,True
62688,False
62689,False
62690,True
62691,False
62692,False
62693,False
62694,False
62695,False
62696,False
62697,False
62698,False
62699,False
62700,True
62701,False
62702,False
62703,False
62704,False
62705,False
62706,False
62708,False
62709,False
62710,True
62711,False
62712,False
62713,False
62714,False
62715,False
62716,False
62717,True
62718,False
62719,True
62720,False
62721,False
62722,True
62723,True
62724,False
62725,True
62726,True
62727,False
62728,False
62729,True
62730,False
62731,False
62732,True
62733,False
62734,False
62735,False
62736,False
62737,False
62738,True
62739,False
62740,True
62741,False
62742,False
62743,True
62744,False
62745,True
62746,False
62747,False
62748,False
62749,True
62750,False
62751,False
62752,False
62753,False
62754,False
62755,False
62756,False
62757,False
62758,False
62759,False
62760,False
62761,False
62762,True
62763,True
62764,False
62765,False
62766,False
62767,True
62768,True
62769,False
62770,False
62771,False
62772,False
62773,False
62774,False
62775,False
62776,False
62777,False
62778,False
62779,False
62780,False
62781,False
62782,False
62783,True
62784,False
62785,False
62786,False
62787,True
62788,False
62789,False
62790,True
62791,True
62792,False
62793,False
62794,False
62795,True
62796,False
62797,True
62798,False
62799,False
62800,False
62801,False
62802,False
62803,False
62804,False
62805,True
62806,False
62808,True
62809,True
62810,False
62811,False
62812,False
62813,True
62814,False
62815,False
62816,False
62817,False
62818,True
62819,False
62820,False
62821,False
62822,True
62823,True
62824,True
62825,False
62826,False
62827,False
62828,True
62829,False
62830,False
62831,True
62832,False
62833,True
62834,True
62835,True
62836,False
62837,False
62838,True
62839,False
62840,False
62841,False
62842,False
62843,True
62844,True
62845,False
62846,False
62847,False
62848,False
62849,False
62850,True
62851,False
62852,False
62853,False
62854,False
62855,False
62856,False
62857,False
62858,False
62859,True
62860,False
62861,False
62862,True
62863,False
62864,False
62865,False
62866,False
62867,False
62868,True
62869,False
62870,False
62871,True
62872,True
62873,False
62874,False
62875,False
62876,False
62877,False
62878,False
62879,False
62880,False
62881,True
62882,False
62883,True
62885,False
62886,True
62887,False
62888,False
62889,False
62890,True
62891,True
62892,False
62893,False
62894,False
62895,False
62896,False
62897,False
62898,False
62899,False
62900,False
62901,False
62902,False
62903,True
62904,False
62905,False
62906,False
62907,False
62908,False
62909,False
63001,False
63002,True
63003,True
63004,False
63005,True
63006,True
63007,True
63008,True
63009,True
63010,True
63011,True
63012,False
63013,False
63014,False
63015,True
63016,True
63017,True
63019,False
63020,True
63021,False
63022,True
63023,True
63024,True
63025,True
63026,False
63027,True
63028,True
63029,True
63030,False
63031,True
63032,False
63033,False
63034,False
63035,False
63036,True
63037,True
63038,True
63039,True
63040,False
63041,True
63042,False
63043,True
63044,False
63045,False
63046,True
63047,True
63048,True
63049,False
63050,True
63051,True
63052,True
63053,True
63054,True
63055,True
63056,True
63057,True
63058,False
63059,False
63060,True
63061,False
63062,True
63063,False
63064,True
63065,True
63066,True
63067,True
63069,False
63070,False
63071,True
63072,True
63073,True
63074,True
63075,False
63076,True
63077,True
63079,True
63080,True
63081,True
63082,False
63083,False
63084,False
63085,True
63086,True
63087,True
63088,True
63089,False
63090,False
63091,True
63092,False
63093,True
63094,True
63095,True
63096,False
63097,True
63098,True
63099,False
63100,True
63101,True
63102,True
63103,False
63104,True
63105,True
63106,False
63107,False
63108,False
63109,True
63110,True
63111,True
63112,False
63113,False
63114,True
63115,True
63116,False
63117,True
63118,True
63119,True
63120,False
63121,True
63122,True
63123,False
63124,False
63125,True
63126,False
63128,False
63129,True
63130,True
63131,False
63132,True
63134,True
63135,False
63136,True
63137,True
63138,True
63139,True
63140,True
63141,False
63142,True
63143,False
63144,True
63145,True
63146,False
63147,True
63148,False
63149,False
63150,False
63151,True
63152,True
63153,True
63154,False
63155,True
63156,True
63157,True
63158,True
63159,True
63160,True
63161,True
63162,True
63163,True
63164,False
63165,True
63166,True
63167,False
63168,False
63169,True
63170,True
63171,True
63172,True
63173,True
63174,True
63175,True
63176,True
63177,False
63178,True
63179,True
63180,False
63181,False
63182,True
63183,True
63184,True
63185,True
63186,True
63187,True
63188,False
63189,True
63190,True
63191,True
63192,True
63193,False
63194,False
63195,False
63196,False
63197,True
63198,True
63199,True
63200,False
63201,False
63202,True
63203,False
63204,False
63205,False
63206,True
63207,True
63208,True
63209,True
63210,False
63211,True
63212,False
63213,False
63214,False
63215,False
63216,False
63218,True
63219,True
63220,True
63221,True
63222,True
63223,True
63224,False
63225,True
63226,False
63227,False
63228,True
63229,False
63230,True
63231,True
63232,False
63233,True
63234,True
63235,False
63236,True
63237,True
63238,True
63239,False
63240,False
63241,True
63242,True
63243,True
63244,False
63245,False
63246,True
63247,True
63248,True
63249,True
63250,True
63251,True
63252,False
63253,True
63254,False
63255,True
63256,True
63257,True
63258,True
63259,False
63260,True
63261,True
63262,False
63263,False
63264,True
63265,False
63267,True
63268,True
63269,True
63270,True
63271,True
63272,False
63273,False
63274,True
63275,True
63276,False
63277,True
63278,False
63279,True
63280,False
63281,True
63282,True
63283,True
63284,False
63285,True
63286,True
63287,True
63288,False
63289,True
63290,True
63291,True
63292,True
63293,True
63294,True
63295,False
63296,False
63297,False
63298,True
63299,True
63300,False
63301,True
63302,False
63303,True
63304,True
63305,True
63306,False
63307,False
63308,False
63309,True
63310,True
63311,False
63312,True
63313,True
63314,True
63315,False
63317,False
63318,True
63319,True
63320,True
63321,True
63322,False
63323,True
63324,True
63325,False
63326,True
63327,False
63328,True
63329,True
63330,True
63331,True
63332,False
63333,False
63334,True
63335,True
63336,True
63337,True
63338,True
63339,True
63340,True
63341,True
63342,True
63343,True
63344,True
63345,False
63346,True
63347,False
63348,True
63349,False
63350,False
63351,True
63352,True
63353,True
63354,True
63355,True
63356,True
63357,True
63358,False
63359,True
63360,True
63362,False
63363,True
63364,False
63365,True
63366,True
63367,True
63368,False
63369,True
63370,True
63371,True
63372,False
63373,True
63374,True
63375,True
63376,True
63377,True
63378,False
63379,False
63380,True
63381,True
63382,True
63383,True
63384,True
63385,True
63386,True
63387,False
63388,True
63389,True
63390,True
63391,True
63392,True
63393,True
63394,True
63395,False
63396,False
63397,True
63398,True
63399,True
63400,False
63401,True
63402,True
63403,True
63404,True
63405,False
63406,False
63407,False
63408,True
63409,True
63410,True
63411,True
63412,True
63413,False
63414,True
63415,True
63416,True
63417,False
63418,True
63419,True
63420,False
63421,True
63422,True
63423,True
63424,False
63425,False
63426,True
63427,False
63428,True
63429,True
63430,True
63431,True
63432,False
63433,True
63434,True
63435,True
63436,True
63437,True
63438,True
63439,True
63440,True
63441,True
63442,True
63443,False
63444,True
63445,False
63446,False
63447,True
63448,True
63449,True
63450,True
63451,True
63452,True
63453,False
63454,True
63455,False
63456,True
63457,False
63458,True
63459,False
63460,True
63461,False
63462,True
63463,True
63464,True
63465,True
63466,True
63467,True
63468,True
63469,True
63470,False
63471,True
63472,False
63473,False
64001,True
64002,False
64003,False
64004,True
64005,True
64006,True
64007,True
64008,True
64009,False
64010,True
64011,True
64012,True
64013,True
64014,False
64015,True
64016,True
64017,True
64018,True
64019,True
64021,False
64022,True
64023,False
64024,False
64025,True
64026,True
64027,False
64028,True
64029,True
64031,True
64032,True
64033,True
64034,True
64035,False
64036,True
64037,False
64038,False
64039,True
64040,True
64041,False
64042,False
64043,False
64044,True
64045,True
64046,True
64047,True
64048,False
64049,True
64050,True
64051,True
64052,True
64053,False
64054,False
64056,True
64057,False
64058,False
64059,False
64060,False
64061,False
64062,True
64063,True
64064,True
64065,False
64066,True
64067,False
64068,False
64069,True
64070,False
64071,True
64072,True
64073,False
64074,True
64075,True
64077,False
64078,False
64079,True
64080,False
64081,True
64082,True
64083,True
64084,True
64085,True
64086,False
64087,False
64088,False
64089,True
64090,True
64091,False
64092,True
64093,True
64094,True
64095,False
64096,True
64097,False
64098,True
64099,True
64100,False
64101,False
64102,False
64103,True
64104,True
64105,True
64106,True
64107,True
64108,False
64109,False
64110,True
64111,True
64112,True
64113,True
64114,False
64115,True
64116,True
64117,False
64118,True
64119,False
64120,True
64121,False
64122,False
64123,True
64124,True
64125,False
64126,True
64127,True
64128,True
64129,False
64130,False
64131,False
64132,False
64133,False
64134,False
64135,False
64136,True
64137,False
64138,False
64139,False
64140,False
64141,True
64142,False
64143,True
64144,False
64145,False
64146,False
64147,False
64148,False
64149,True
64150,True
64151,True
64152,False
64153,True
64154,True
64155,True
64156,True
64157,True
64158,True
64159,True
64160,False
64161,True
64162,True
64165,True
64166,True
64167,False
64168,True
64170,True
64171,False
64172,False
64173,True
64174,True
64175,True
64176,True
64177,False
64178,True
64179,False
64180,True
64181,False
64182,True
64183,False
64184,False
64185,True
64186,True
64187,True
64188,True
64189,False
64190,False
64191,False
64192,True
64193,True
64194,True
64195,True
64196,True
64197,True
64198,False
64199,True
64200,False
64201,True
64202,True
64203,False
64204,True
64205,True
64206,True
64207,True
64208,False
64209,True
64210,True
64211,False
64212,False
64213,False
64214,True
64215,True
64216,False
64217,True
64218,True
64219,True
64220,True
64221,True
64222,True
64223,True
64224,True
64225,True
64226,True
64227,False
64228,True
64229,True
64230,False
64231,True
64232,False
64233,True
64234,True
64235,True
64236,True
64237,False
64238,False
64239,True
64240,True
64241,True
64242,True
64243,True
64244,True
64245,True
64246,False
64247,True
64249,False
64250,True
64251,True
64252,True
64253,True
64254,False
64255,False
64256,False
64257,False
64258,True
64259,True
64260,False
64261,True
64262,False
64263,True
64264,True
64265,True
64266,False
64267,True
64268,True
64269,False
64270,False
64271,True
64272,True
64273,True
64274,True
64275,True
64276,True
64277,False
64279,False
64280,True
64281,True
64282,False
64283,True
64284,False
64285,True
64286,False
64287,True
64288,False
64289,False
64290,False
64291,True
64292,False
64293,True
64294,True
64295,False
64296,False
64297,True
64298,True
64299,True
64300,False
64301,False
64302,False
64303,True
64304,False
64305,True
64306,True
64307,True
64308,False
64309,True
64310,True
64311,True
64312,False
64313,True
64314,True
64315,False
64316,True
64317,False
64318,True
64319,True
64320,True
64321,False
64322,True
64323,True
64324,True
64325,True
64326,True
64327,True
64328,True
64329,False
64330,True
64331,True
64332,False
64334,True
64335,False
64336,True
64337,True
64338,False
64339,False
64340,True
64341,True
64342,True
64343,False
64344,False
64345,True
64346,False
64347,True
64348,False
64349,False
64350,False
64351,True
64352,False
64353,True
64354,True
64355,True
64356,True
64357,True
64358,False
64359,True
64360,True
64361,True
64362,True
64363,True
64364,False
64365,True
64366,True
64367,False
64368,True
64369,True
64370,False
64371,True
64372,True
64373,False
64374,True
64375,True
64376,False
64377,False
64378,True
64379,True
64380,True
64381,True
64382,False
64383,True
64385,False
64386,False
64387,False
64388,True
64389,True
64390,True
64391,True
64392,True
64393,True
64394,True
64395,True
64396,False
64397,True
64398,True
64399,False
64400,False
64401,True
64403,True
64404,True
64405,False
64406,True
64407,False
64408,True
64409,True
64410,False
64411,True
64412,True
64413,False
64414,True
64415,False
64416,True
64417,False
64418,False
64419,False
64420,True
64421,True
64422,True
64423,True
64424,True
64425,True
64426,True
64427,True
64428,True
64429,True
64430,False
64431,False
64432,True
64433,True
64434,True
64435,True
64436,True
64437,True
64438,False
64439,False
64440,False
64441,True
64442,True
64443,True
64444,False
64445,False
64446,True
64447,True
64448,False
64449,True
64450,True
64451,True
64452,True
64453,False
64454,True
64455,True
64456,False
64457,True
64458,True
64459,True
64460,True
64461,False
64462,False
64463,True
64464,True
64465,False
64466,True
64467,False
64468,True
64469,False
64470,False
64471,False
64472,False
64473,True
64474,True
64475,True
64476,False
64477,True
64478,False
64479,False
64480,True
64481,True
64482,False
64483,False
64484,True
64485,True
64486,True
64487,True
64488,False
64489,False
64490,True
64491,False
64492,True
64493,True
64494,True
64495,False
64496,False
64498,False
64499,True
64500,False
64501,False
64502,True
64503,True
64504,False
64505,False
64506,True
64507,False
64508,True
64509,True
64510,False
64511,False
64512,False
64513,True
64514,True
64515,True
64516,False
64517,True
64518,False
64519,False
64520,False
64521,False
64522,True
64523,False
64524,True
64525,False
64526,False
64527,False
64528,True
64529,True
64530,True
64531,True
64532,True
64533,True
64534,True
64535,True
64536,False
64537,True
64538,True
64539,True
64540,False
64541,False
64542,True
64543,True
64544,False
64545,False
64546,False
64547,False
64548,True
64549,False
64550,False
64551,True
64552,True
64554,False
64555,True
64556,False
64557,True
64558,False
64559,True
64560,False
65001,True
65002,True
65003,True
65004,True
65005,False
65006,True
65007,True
65009,True
65010,False
65011,True
65012,True
65013,True
65014,True
65015,True
65016,True
65017,True
65018,True
65019,False
65020,True
65021,True
65022,True
65023,True
65024,True
65025,True
65026,True
65028,True
65029,True
65031,True
65032,True
65033,True
65034,True
65035,True
65036,True
65037,True
65038,True
65039,True
65040,True
65041,True
65042,True
65043,True
65044,True
65045,True
65046,True
65047,False
65048,False
65049,True
65050,True
65051,True
65052,False
65053,True
65054,True
65055,True
65056,True
65057,False
65058,True
65059,True
65060,True
65061,True
65062,False
65063,False
65064,True
65065,True
65066,True
65067,False
65068,True
65069,True
65070,False
65071,True
65072,False
65073,True
65074,True
65075,True
65076,True
65077,True
65078,True
65079,False
65080,False
65081,True
65082,True
65083,False
65084,False
65085,True
65086,False
65087,True
65088,True
65089,True
65090,True
65091,True
65092,True
65093,True
65094,True
65095,True
65096,True
65097,True
65098,True
65099,True
65100,False
65101,False
65102,True
65103,True
65104,False
65105,True
65106,True
65107,True
65108,False
65109,True
65110,True
65111,True
65112,True
65113,False
65114,True
65115,True
65116,True
65117,True
65118,False
65119,True
65120,False
65121,True
65123,True
65124,True
65125,True
65126,True
65127,True
65128,True
65129,True
65130,True
65131,True
65132,False
65133,False
65134,True
65135,True
65136,True
65137,True
65138,True
65139,True
65140,True
65141,True
65142,True
65143,True
65144,True
65145,True
65146,False
65147,True
65148,True
65149,False
65150,True
65151,False
65153,False
65154,True
65155,True
65156,False
65157,True
65158,True
65159,True
65160,True
65161,True
65162,True
65163,True
65164,True
65165,True
65166,True
65167,True
65168,True
65169,True
65170,True
65171,True
65172,True
65173,True
65174,True
65175,True
65176,True
65177,True
65178,True
65179,True
65180,True
65181,False
65182,True
65183,True
65184,True
65185,False
65186,True
65187,True
65189,False
65190,True
65191,True
65192,True
65193,True
65194,True
65195,True
65196,True
65197,True
65198,True
65199,True
65200,True
65201,False
65202,True
65203,True
65204,False
65205,True
65206,False
65207,True
65208,True
65209,True
65210,True
65211,True
65212,True
65213,True
65214,True
65215,True
65216,True
65217,True
65218,True
65219,True
65220,False
65221,True
65222,False
65223,False
65224,True
65225,False
65226,False
65228,True
65229,True
65230,True
65231,True
65232,True
65233,True
65234,True
65235,False
65236,True
65237,True
65238,True
65239,True
65240,True
65241,True
65242,True
65243,True
65244,False
65245,True
65247,True
65248,True
65249,True
65250,True
65251,False
65252,False
65253,True
65254,True
65255,True
65256,False
65257,False
65258,True
65259,False
65260,True
65261,True
65262,True
65263,True
65264,True
65265,False
65266,True
65267,True
65268,False
65269,True
65270,False
65271,True
65272,False
65273,True
65274,True
65275,True
65276,False
65277,True
65278,True
65279,True
65280,True
65281,False
65282,True
65283,True
65284,False
65285,False
65286,True
65287,True
65288,True
65289,True
65290,False
65291,True
65292,False
65293,True
65294,True
65295,True
65296,True
65297,True
65298,True
65299,True
65300,True
65301,True
65303,False
65304,True
65305,True
65306,True
65307,True
65308,True
65309,True
65310,True
65311,True
65313,False
65314,True
65315,True
65316,True
65317,True
65318,True
65319,True
65320,True
65321,False
65322,True
65323,True
65324,False
65325,True
65326,True
65327,True
65328,True
65329,True
65330,True
65331,False
65332,False
65333,False
65334,True
65335,True
65336,True
65337,False
65338,True
65339,False
65340,False
65341,True
65342,True
65343,True
65344,False
65345,True
65346,False
65347,True
65348,True
65349,True
65350,False
65351,True
65352,True
65353,False
65354,True
65355,True
65356,True
65357,False
65358,True
65359,True
65360,True
65361,True
65362,True
65363,True
65364,True
65366,True
65367,False
65368,True
65369,False
65370,True
65371,True
65372,True
65373,True
65374,True
65375,True
65376,True
65377,True
65378,False
65379,True
65380,False
65381,True
65382,True
65383,True
65384,True
65385,True
65386,True
65387,True
65388,True
65389,True
65390,True
65391,True
65392,False
65393,True
65394,True
65395,True
65396,True
65397,True
65398,True
65399,True
65400,True
65401,False
65402,True
65403,True
65404,True
65405,True
65406,False
65407,True
65408,True
65409,True
65410,False
65411,True
65412,True
65413,True
65414,True
65415,True
65416,True
65417,False
65418,True
65419,True
65420,True
65421,True
65422,False
65423,True
65424,True
65425,True
65426,False
65427,True
65428,True
65429,True
65430,False
65431,True
65432,True
65433,False
65435,True
65436,False
65437,True
65438,True
65439,True
65440,False
65441,True
65442,True
65443,True
65444,True
65445,True
65446,True
65447,False
65448,True
65449,True
65450,True
65451,True
65452,True
65453,True
65454,True
65455,True
65456,False
65457,True
65458,True
65459,True
65460,True
65461,True
65462,True
65463,True
65464,False
65465,True
65466,True
65467,True
65468,True
65469,True
65470,True
65471,True
65472,True
65473,True
65474,True
65475,True
65476,True
65477,True
65478,True
65479,False
65481,True
65482,True
66001,False
66002,False
66003,True
66004,True
66005,True
66006,True
66007,True
66008,False
66009,True
66010,True
66011,False
66012,False
66013,True
66014,False
66015,False
66016,False
66017,False
66018,True
66019,True
66020,True
66021,False
66022,False
66023,False
66024,False
66025,True
66026,False
66027,True
66028,False
66029,False
66030,False
66032,False
66033,False
66034,True
66035,True
66036,True
66037,False
66038,False
66039,True
66040,False
66041,False
66042,True
66043,True
66044,False
66045,True
66046,True
66047,True
66048,False
66049,False
66050,True
66051,True
66052,True
66053,False
66054,True
66055,False
66056,False
66057,True
66058,False
66059,False
66060,True
66061,True
66062,True
66063,False
66064,True
66065,False
66066,True
66067,True
66068,True
66069,False
66070,True
66071,True
66072,True
66073,True
66074,True
66075,True
66076,True
66077,True
66078,True
66079,True
66080,True
66081,True
66082,True
66083,True
66084,False
66085,True
66086,False
66088,False
66089,True
66090,True
66091,True
66092,True
66093,False
66094,False
66095,True
66096,True
66097,True
66098,True
66099,False
66100,True
66101,False
66102,True
66103,True
66104,True
66105,True
66106,False
66107,True
66108,False
66109,True
66111,False
66112,False
66113,True
66114,False
66115,False
66116,True
66117,True
66118,True
66119,True
66120,True
66121,False
66122,True
66123,True
66124,True
66125,True
66126,False
66127,False
66128,True
66129,False
66130,True
66132,True
66133,False
66134,False
66136,False
66137,False
66138,False
66139,True
66140,False
66141,True
66142,True
66143,True
66144,False
66145,False
66146,True
66147,True
66148,False
66149,True
66150,True
66151,True
66152,True
66153,False
66154,True
66155,True
66156,True
66157,True
66158,True
66159,True
66160,False
66161,True
66162,True
66164,False
66165,False
66166,True
66167,True
66168,False
66169,True
66170,False
66171,False
66172,False
66173,False
66174,False
66175,False
66176,False
66177,False
66178,False
66179,True
66180,False
66181,True
66182,False
66183,True
66184,True
66185,False
66186,False
66187,True
66188,True
66189,False
66190,True
66191,True
66192,True
66193,True
66194,True
66195,False
66196,False
66197,True
66198,True
66199,False
66201,True
66202,True
66203,True
66204,True
66205,True
66206,True
66207,False
66208,False
66209,True
66210,False
66211,False
66212,False
66213,False
66214,False
66215,True
66216,True
66217,False
66218,True
66219,True
66220,True
66221,True
66222,True
66223,True
66224,False
66225,False
66226,False
66227,False
66228,False
66230,True
66231,False
66232,True
66233,False
66234,True
67001,False
67002,False
67003,False
67004,False
67005,False
67006,False
67008,False
67009,False
67010,False
67011,False
67012,False
67013,False
67016,False
67017,False
67018,False
67019,False
67020,False
67021,False
67022,False
67023,False
67025,False
67026,False
67027,False
67028,False
67029,False
67030,False
67031,False
67032,False
67033,False
67034,False
67035,False
67036,False
67037,False
67038,False
67039,False
67040,False
67043,False
67044,False
67045,False
67046,False
67047,False
67048,False
67049,False
67050,False
67051,False
67052,False
67053,False
67054,False
67055,False
67056,False
67057,False
67058,False
67059,False
67060,False
67061,False
67062,False
67063,False
67065,False
67066,False
67067,False
67068,False
67069,False
67070,False
67071,False
67072,False
67073,False
67074,False
67075,False
67076,False
67077,False
67078,False
67079,False
67080,False
67081,False
67082,False
67083,False
67084,False
67085,False
67086,False
67087,False
67088,False
67089,False
67090,False
67091,False
67092,False
67093,False
67094,False
67095,False
67096,False
67097,False
67098,False
67099,False
67100,False
67101,False
67102,False
67103,False
67104,False
67105,False
67106,False
67107,False
67108,False
67109,False
67110,False
67111,False
67112,False
67113,False
67115,False
67116,False
67117,False
67118,False
67119,False
67120,False
67121,False
67122,False
67123,False
67124,False
67125,False
67126,False
67127,False
67128,False
67129,False
67130,False
67131,False
67132,False
67133,False
67134,False
67135,False
67136,False
67137,False
67138,False
67139,False
67140,False
67141,False
67142,False
67143,False
67144,False
67145,False
67146,False
67147,False
67148,False
67149,False
67150,False
67151,False
67152,False
67153,False
67154,False
67155,False
67156,False
67159,False
67160,False
67161,False
67162,False
67163,False
67164,False
67165,False
67166,False
67167,False
67168,False
67169,False
67172,False
67173,False
67174,False
67176,False
67177,False
67178,False
67179,False
67180,False
67181,False
67182,False
67183,False
67184,False
67185,False
67186,False
67187,False
67188,False
67189,False
67190,False
67191,False
67192,False
67194,False
67195,False
67196,False
67197,False
67198,False
67199,False
67200,False
67201,False
67202,False
67203,False
67204,False
67205,False
67206,False
67208,False
67209,False
67210,False
67212,False
67213,False
67214,False
67215,False
67216,False
67217,False
67218,False
67220,False
67221,False
67222,False
67223,False
67225,False
67226,False
67227,False
67228,False
67229,False
67230,False
67231,False
67232,False
67233,False
67234,False
67235,False
67236,False
67237,False
67238,False
67239,False
67240,False
67241,False
67242,False
67244,False
67245,False
67246,False
67247,False
67248,False
67249,False
67250,False
67252,False
67253,False
67254,False
67255,False
67256,False
67257,False
67258,False
67259,False
67260,False
67261,False
67263,False
67264,False
67265,False
67266,False
67267,False
67268,False
67269,False
67270,False
67271,False
67272,False
67273,False
67274,False
67275,False
67276,False
67277,False
67278,False
67279,False
67280,False
67281,False
67282,False
67283,False
67285,False
67286,False
67287,False
67288,False
67289,False
67290,False
67291,False
67292,False
67293,False
67295,False
67296,False
67298,False
67299,False
67300,False
67301,False
67302,False
67303,False
67304,False
67305,False
67306,False
67307,False
67308,False
67309,False
67310,False
67311,False
67312,False
67313,False
67314,False
67315,False
67317,False
67319,False
67320,False
67321,False
67322,False
67324,False
67325,False
67326,False
67327,False
67328,False
67329,False
67330,False
67331,False
67333,False
67334,False
67335,False
67336,False
67337,False
67338,False
67339,False
67340,False
67341,False
67342,False
67343,False
67344,False
67345,False
67346,False
67347,False
67348,False
67349,False
67350,False
67351,False
67352,False
67353,False
67354,False
67355,False
67356,False
67358,False
67359,False
67360,False
67361,False
67362,False
67363,False
67364,False
67365,False
67366,False
67367,False
67368,False
67369,False
67370,False
67371,False
67372,False
67373,False
67375,False
67377,False
67378,False
67379,False
67380,False
67381,False
67382,False
67383,False
67384,False
67385,False
67386,False
67387,False
67388,False
67389,False
67391,False
67392,False
67394,False
67395,False
67396,False
67397,False
67398,False
67400,False
67401,False
67403,False
67404,False
67405,False
67406,False
67407,False
67408,False
67409,False
67410,False
67411,False
67412,False
67413,False
67414,False
67415,False
67416,False
67417,False
67418,False
67420,False
67421,False
67422,False
67423,False
67424,False
67425,False
67426,False
67427,False
67428,False
67429,False
67430,False
67432,False
67433,False
67434,False
67435,False
67436,False
67437,False
67438,False
67440,False
67441,False
67442,False
67443,False
67444,False
67445,False
67446,False
67447,False
67448,False
67449,False
67450,False
67451,False
67452,False
67453,False
67454,False
67455,False
67456,False
67458,False
67459,False
67460,False
67461,False
67462,False
67463,False
67464,False
67465,False
67466,False
67467,False
67468,False
67470,False
67471,False
67472,False
67473,False
67474,False
67475,False
67476,False
67477,False
67478,False
67479,False
67480,False
67481,False
67482,False
67483,False
67484,False
67485,False
67486,False
67487,False
67488,False
67489,False
67490,False
67491,False
67492,False
67493,False
67494,False
67495,False
67497,False
67498,False
67499,False
67500,False
67501,False
67502,False
67503,False
67504,False
67505,False
67506,False
67507,False
67508,False
67509,False
67510,False
67511,False
67513,False
67514,False
67515,False
67516,False
67517,False
67519,False
67520,False
67521,False
67522,False
67523,False
67524,False
67525,False
67526,False
67527,False
67528,False
67529,False
67530,False
67531,False
67532,False
67534,False
67535,False
67536,False
67537,False
67538,False
67539,False
67540,False
67541,False
67542,False
67543,False
67544,False
67545,False
67546,False
67547,False
67548,False
67550,False
67551,False
67552,False
67553,False
67554,False
67555,False
67556,False
67557,False
67558,False
67559,False
68001,False
68002,False
68004,False
68005,False
68006,False
68007,False
68008,False
68009,False
68010,False
68011,False
68012,False
68013,False
68014,False
68015,False
68016,False
68017,False
68018,False
68019,False
68020,False
68021,False
68022,False
68023,False
68024,False
68025,False
68026,False
68027,False
68028,False
68029,False
68030,False
68032,False
68033,False
68034,False
68035,False
68036,False
68037,False
68038,False
68039,False
68040,False
68041,False
68042,False
68043,False
68044,False
68045,False
68046,False
68049,False
68050,False
68051,False
68052,False
68054,False
68055,False
68056,False
68057,False
68058,False
68059,False
68060,False
68061,False
68062,False
68063,False
68064,False
68065,False
68066,False
68067,False
68068,False
68069,False
68071,False
68072,False
68073,False
68074,False
68075,False
68076,False
68077,False
68078,False
68079,False
68080,False
68081,False
68082,False
68083,False
68084,False
68085,False
68086,False
68087,False
68088,False
68089,False
68090,False
68091,False
68092,False
68093,False
68094,False
68095,False
68096,False
68097,False
68098,False
68099,False
68100,False
68101,False
68102,False
68103,False
68104,False
68105,False
68106,False
68107,False
68109,False
68110,False
68111,False
68112,False
68113,False
68114,False
68115,False
68116,False
68117,False
68118,False
68119,False
68120,False
68121,False
68122,False
68123,False
68124,False
68125,False
68126,False
68127,False
68128,False
68129,False
68130,False
68131,False
68132,False
68134,False
68135,False
68136,False
68137,False
68138,False
68139,False
68140,False
68141,False
68142,False
68143,False
68144,False
68145,False
68146,False
68147,False
68148,False
68149,False
68150,False
68151,False
68152,False
68153,False
68154,False
68155,False
68156,False
68157,False
68158,False
68159,False
68160,False
68161,False
68162,False
68163,False
68165,False
68166,False
68167,False
68168,False
68169,False
68170,False
68171,False
68172,False
68173,False
68174,False
68175,False
68176,False
68177,False
68178,False
68179,False
68180,False
68181,False
68182,False
68183,False
68184,False
68185,False
68186,False
68187,False
68188,False
68189,False
68190,False
68191,False
68192,False
68193,False
68194,False
68195,False
68196,False
68197,False
68198,False
68199,False
68200,False
68201,False
68202,False
68203,False
68204,False
68205,False
68207,False
68208,False
68209,False
68210,False
68211,False
68212,False
68213,False
68214,False
68215,False
68216,False
68217,False
68218,False
68219,False
68221,False
68222,False
68223,False
68224,False
68225,False
68226,False
68227,False
68228,False
68229,False
68230,False
68231,False
68232,False
68234,False
68235,False
68237,False
68238,False
68239,False
68240,False
68241,False
68242,False
68243,False
68244,False
68245,False
68246,False
68247,False
68248,False
68249,False
68250,False
68251,False
68252,False
68253,False
68254,False
68255,False
68256,False
68257,False
68258,False
68259,False
68260,False
68261,False
68262,False
68263,False
68264,False
68265,False
68266,False
68267,False
68268,False
68269,False
68270,False
68271,False
68273,False
68274,False
68275,False
68276,False
68277,False
68278,False
68279,False
68280,False
68281,False
68282,False
68283,False
68284,False
68285,False
68286,False
68287,False
68288,False
68289,False
68290,False
68291,False
68292,False
68293,False
68294,False
68295,False
68296,False
68297,False
68298,False
68299,False
68300,False
68301,False
68302,False
68303,False
68304,False
68305,False
68306,False
68307,False
68308,False
68309,False
68311,False
68312,False
68313,False
68315,False
68316,False
68317,False
68318,False
68320,False
68321,False
68322,False
68323,False
68324,False
68325,False
68326,False
68327,False
68328,False
68329,False
68330,False
68331,False
68332,False
68333,False
68334,False
68335,False
68336,False
68337,False
68338,False
68340,False
68341,False
68342,False
68343,False
68344,False
68345,False
68347,False
68348,False
68349,False
68350,False
68351,False
68352,False
68353,False
68354,False
68355,False
68356,False
68357,False
68358,False
68359,False
68360,False
68361,False
68362,False
68363,False
68364,False
68365,False
68366,False
68367,False
68368,False
68370,False
68371,False
68372,False
68373,False
68374,False
68375,False
68376,False
68377,False
68378,False
68379,False
68380,False
68381,False
68382,False
68383,False
68384,False
68385,False
68386,False
69001,False
69002,True
69003,False
69004,False
69005,False
69006,False
69007,False
69008,False
69009,False
69010,False
69012,False
69013,False
69014,False
69016,True
69017,False
69018,False
69019,False
69020,False
69021,False
69022,False
69023,False
69024,False
69026,False
69027,False
69028,False
69029,False
69030,False
69031,False
69032,False
69033,False
69034,False
69035,True
69036,False
69037,False
69038,False
69039,False
69040,False
69042,False
69043,False
69044,False
69045,False
69046,False
69047,False
69049,False
69050,False
69051,False
69052,False
69053,False
69054,False
69055,False
69056,False
69057,False
69058,False
69059,False
69060,False
69061,False
69062,False
69063,False
69064,False
69065,False
69066,False
69067,False
69068,False
69069,False
69070,False
69071,False
69072,False
69074,False
69075,False
69076,False
69077,False
69078,False
69080,False
69081,False
69082,False
69083,False
69084,False
69085,False
69086,False
69087,False
69088,False
69089,False
69090,False
69091,False
69092,False
69093,False
69094,False
69095,False
69096,False
69097,False
69098,False
69099,False
69100,False
69102,False
69103,False
69104,False
69105,False
69106,False
69107,False
69108,False
69109,False
69110,False
69111,False
69112,False
69113,False
69115,False
69116,False
69117,False
69118,False
69119,False
69120,False
69121,False
69122,False
69123,False
69124,False
69125,False
69126,False
69127,False
69130,False
69131,False
69132,False
69133,False
69134,False
69135,True
69136,False
69137,False
69138,False
69139,False
69140,False
69141,False
69142,False
69143,False
69145,False
69148,False
69149,False
69151,False
69152,False
69153,False
69154,False
69155,False
69156,False
69157,False
69159,False
69160,False
69161,True
69162,False
69163,False
69164,False
69165,False
69166,False
69167,False
69168,False
69169,False
69170,False
69171,False
69172,False
69173,False
69174,False
69175,False
69176,False
69177,False
69178,False
69179,False
69180,False
69181,False
69182,True
69183,False
69184,False
69186,True
69187,False
69188,False
69189,False
69190,False
69191,False
69192,False
69193,False
69194,False
69196,False
69197,False
69198,False
69199,False
69200,False
69201,False
69202,False
69203,False
69204,False
69205,False
69206,False
69207,False
69208,False
69209,True
69212,False
69214,False
69215,False
69216,False
69217,False
69218,False
69219,False
69220,False
69225,False
69227,False
69228,False
69229,False
69230,False
69231,False
69233,False
69234,False
69235,False
69236,False
69238,False
69239,False
69240,False
69241,False
69242,False
69243,False
69244,False
69245,False
69246,False
69248,False
69249,False
69250,False
69252,False
69253,False
69254,False
69255,False
69256,False
69257,False
69258,False
69259,False
69260,False
69261,False
69263,False
69264,False
69265,False
69266,False
69267,False
69268,False
69269,False
69270,False
69271,False
69272,False
69273,False
69275,False
69276,False
69277,False
69278,False
69279,False
69280,False
69281,False
69282,False
69283,False
69284,False
69285,False
69286,False
69287,False
69288,False
69289,False
69290,False
69291,False
69292,False
69293,False
69294,False
69295,False
69296,False
69297,False
69298,False
69299,False
70001,True
70002,True
70003,True
70004,True
70005,True
70006,True
70007,True
70008,True
70009,True
70010,True
70011,True
70012,True
70013,True
70014,True
70015,True
70016,True
70017,True
70018,True
70019,False
70020,False
70021,False
70022,True
70023,True
70024,True
70025,True
70026,True
70027,True
70028,True
70029,False
70030,True
70031,True
70032,True
70035,True
70036,False
70037,True
70038,True
70039,True
70040,True
70041,True
70042,True
70043,True
70044,True
70045,False
70046,False
70047,True
70048,True
70049,True
70050,True
70051,True
70052,True
70053,True
70054,True
70055,False
70056,True
70057,False
70058,True
70059,True
70060,False
70061,True
70062,True
70063,True
70064,False
70065,True
70066,True
70067,True
70069,True
70070,True
70071,True
70072,True
70074,True
70075,False
70076,True
70077,True
70078,True
70079,True
70080,True
70081,True
70082,True
70083,True
70084,False
70085,False
70086,True
70087,True
70088,True
70089,True
70090,True
70091,True
70092,True
70093,False
70094,False
70095,True
70096,False
70097,True
70098,False
70099,True
70100,True
70101,True
70102,False
70103,True
70104,True
70105,True
70106,True
70107,False
70109,False
70111,True
70112,True
70113,True
70114,True
70115,True
70116,False
70117,False
70118,False
70119,False
70120,False
70121,False
70122,True
70124,True
70125,True
70126,True
70127,True
70128,False
70129,True
70130,True
70132,True
70133,True
70134,False
70135,True
70136,False
70137,True
70138,True
70140,True
70141,True
70142,True
70143,True
70144,True
70145,False
70146,True
70147,False
70148,False
70149,False
70150,False
70151,True
70152,True
70153,True
70154,False
70155,True
70156,True
70157,False
70158,True
70159,True
70160,False
70162,True
70163,False
70164,True
70165,True
70166,False
70167,True
70168,True
70169,True
70170,True
70171,True
70172,False
70174,False
70175,True
70176,True
70177,True
70178,False
70179,False
70180,True
70181,False
70182,False
70183,True
70184,False
70185,True
70186,True
70187,True
70188,True
70189,False
70190,True
70192,False
70193,False
70194,True
70195,True
70196,True
70197,True
70198,True
70199,True
70200,True
70201,True
70202,True
70203,True
70204,True
70205,False
70206,False
70207,False
70208,True
70210,True
70211,True
70213,True
70214,True
70215,False
70216,False
70217,True
70218,True
70219,True
70220,True
70221,False
70222,True
70224,False
70225,True
70226,True
70227,True
70228,True
70229,False
70230,True
70231,True
70232,True
70233,True
70234,True
70235,True
70236,True
70237,True
70238,True
70239,False
70240,True
70242,True
70243,True
70244,True
70245,True
70247,True
70248,False
70249,True
70250,True
70251,True
70252,True
70253,True
70254,False
70255,True
70256,True
70257,True
70258,False
70259,False
70260,False
70261,False
70262,True
70263,True
70264,True
70265,True
70267,True
70268,True
70269,True
70271,True
70272,True
70273,True
70274,True
70275,True
70276,True
70277,True
70278,True
70279,True
70280,True
70282,True
70283,True
70284,True
70285,False
70286,False
70287,True
70288,False
70289,True
70290,True
70291,True
70292,True
70293,True
70294,True
70295,True
70296,True
70297,True
70298,True
70299,True
70301,True
70302,True
70303,True
70304,True
70305,True
70306,False
70307,True
70308,True
70309,True
70310,False
70311,False
70312,False
70313,False
70314,False
70315,True
70316,True
70317,True
70318,False
70319,False
70320,True
70321,False
70322,True
70323,True
70324,True
70325,False
70326,False
70327,True
70328,False
70329,True
70330,False
70331,True
70332,True
70334,False
70335,True
70336,True
70337,True
70338,True
70339,True
70340,True
70341,True
70342,True
70343,True
70344,True
70347,True
70348,False
70349,True
70350,True
70351,True
70352,True
70353,True
70355,False
70356,True
70357,True
70358,False
70359,True
70360,True
70361,True
70362,True
70363,False
70364,True
70366,True
70367,False
70368,True
70369,True
70371,True
70372,True
70373,True
70374,True
70376,True
70378,False
70380,True
70381,True
70383,False
70384,False
70385,False
70386,True
70387,True
70388,False
70389,True
70390,True
70392,True
70393,True
70394,True
70395,True
70396,True
70397,True
70398,False
70399,True
70400,True
70401,True
70402,True
70403,False
70404,True
70405,False
70406,True
70407,False
70408,True
70409,True
70410,False
70411,True
70412,True
70413,False
70414,False
70415,True
70416,True
70417,True
70418,True
70419,True
70420,True
70421,True
70422,True
70423,True
70425,True
70426,True
70427,True
70428,False
70429,False
70430,True
70431,False
70432,True
70433,False
70435,True
70436,True
70437,True
70438,True
70439,True
70440,True
70441,False
70442,True
70443,True
70444,True
70445,True
70446,True
70447,False
70448,True
70449,True
70450,True
70451,False
70452,True
70453,True
70454,True
70455,False
70456,True
70457,True
70459,True
70460,True
70461,True
70462,True
70463,True
70464,False
70466,True
70467,True
70468,True
70469,True
70470,True
70471,True
70472,True
70473,False
70474,True
70476,True
70477,False
70478,True
70479,True
70480,True
70481,True
70482,True
70483,True
70484,True
70485,True
70486,True
70487,True
70488,True
70489,True
70490,True
70491,True
70492,True
70493,False
70494,False
70496,True
70498,True
70499,True
70500,True
70501,True
70502,True
70503,False
70504,True
70505,True
70506,False
70507,False
70509,False
70510,True
70511,True
70512,True
70513,False
70514,True
70515,False
70516,True
70517,True
70518,True
70519,False
70520,True
70521,True
70522,True
70523,True
70524,True
70525,True
70526,True
70527,True
70528,True
70529,True
70530,True
70531,True
70532,True
70533,True
70534,True
70535,True
70536,True
70537,True
70538,True
70539,True
70540,True
70541,True
70542,True
70544,True
70545,True
70546,True
70547,False
70548,True
70549,True
70550,False
70552,True
70553,True
70554,True
70555,True
70557,True
70558,True
70559,False
70560,False
70561,True
70562,True
70563,True
70564,True
70565,True
70566,True
70567,False
70568,True
70569,True
70571,True
70572,True
70573,True
70574,True
70575,False
70576,True
70577,False
70578,False
70579,False
70580,True
70581,False
70582,True
70583,True
71001,False
71002,False
71003,True
71004,False
71005,False
71006,True
71007,True
71008,True
71009,True
71010,True
71011,True
71012,True
71013,True
71014,True
71015,True
71016,False
71017,True
71018,True
71019,False
71020,True
71021,True
71022,True
71023,False
71024,True
71025,True
71026,False
71027,True
71028,True
71029,True
71030,True
71031,True
71032,False
71033,False
71034,False
71035,False
71036,True
71037,False
71038,False
71039,True
71040,False
71041,True
71042,True
71043,True
71044,True
71045,True
71046,True
71047,True
71048,True
71050,True
71051,False
71052,False
71054,True
71056,True
71057,True
71058,False
71059,False
71060,True
71061,False
71062,True
71063,True
71064,True
71065,True
71066,False
71067,True
71068,True
71069,False
71070,False
71071,True
71072,False
71073,False
71074,False
71075,True
71076,False
71077,True
71078,False
71079,True
71080,False
71081,False
71082,True
71084,False
71085,False
71086,True
71087,True
71088,True
71089,False
71090,False
71091,True
71092,True
71093,True
71094,False
71095,True
71096,True
71097,True
71098,True
71099,False
71100,False
71101,True
71102,False
71103,True
71104,True
71105,False
71106,True
71107,False
71108,False
71109,False
71110,True
71111,True
71112,True
71113,True
71115,False
71116,True
71117,False
71118,False
71119,False
71120,True
71121,True
71122,False
71123,True
71124,False
71125,True
71126,False
71127,True
71128,True
71129,True
71130,True
71131,True
71132,False
71133,True
71134,True
71135,False
71136,True
71137,True
71139,True
71140,True
71141,True
71142,True
71143,True
71144,True
71145,True
71146,True
71147,True
71148,True
71149,True
71150,False
71151,True
71152,True
71153,False
71154,False
71155,True
71156,False
71157,True
71158,False
71159,False
71160,True
71161,True
71162,True
71163,True
71164,True
71165,True
71166,True
71167,False
71168,True
71169,False
71170,False
71171,False
71172,True
71173,True
71174,False
71175,True
71176,True
71177,True
71178,True
71179,True
71181,True
71182,False
71183,True
71184,True
71185,True
71186,True
71187,False
71188,True
71189,False
71190,True
71191,False
71192,True
71193,False
71194,False
71195,False
71196,True
71198,True
71199,True
71200,True
71201,False
71202,False
71203,True
71204,False
71205,True
71206,True
71207,True
71208,True
71209,True
71210,False
71212,False
71213,False
71214,True
71215,False
71216,False
71217,True
71218,True
71219,False
71220,True
71221,False
71222,True
71223,True
71224,True
71225,False
71226,False
71227,True
71228,False
71229,True
71230,True
71231,True
71232,True
71233,True
71234,False
71235,False
71236,False
71237,True
71238,True
71239,True
71240,True
71241,False
71242,True
71243,True
71244,False
71245,False
71246,True
71247,False
71248,False
71249,False
71250,False
71251,True
71252,False
71253,False
71254,True
71255,True
71256,False
71257,False
71258,False
71259,True
71261,False
71262,True
71263,True
71264,True
71266,True
71267,False
71268,True
71269,False
71270,False
71271,True
71272,True
71273,True
71274,False
71275,True
71276,True
71277,False
71278,True
71279,True
71280,True
71281,True
71282,True
71283,False
71284,False
71285,True
71286,True
71287,True
71289,True
71290,True
71291,True
71292,False
71293,True
71294,False
71295,True
71296,False
71297,True
71299,False
71300,True
71301,True
71302,False
71303,True
71305,False
71306,False
71307,True
71308,False
71309,False
71310,False
71311,True
71312,False
71313,True
71314,True
71315,True
71316,True
71317,True
71318,True
71319,True
71320,True
71321,False
71322,True
71323,True
71324,False
71325,True
71326,True
71327,True
71328,False
71329,True
71330,True
71331,True
71332,False
71333,False
71334,True
71335,True
71336,False
71337,True
71338,False
71339,True
71340,True
71341,True
71342,True
71343,False
71344,True
71345,False
71346,False
71347,False
71348,True
71349,True
71350,False
71351,True
71352,True
71353,False
71354,True
71355,True
71356,True
71357,True
71358,True
71359,False
71360,False
71361,True
71362,False
71363,True
71364,True
71365,False
71366,False
71367,True
71368,True
71369,False
71370,True
71371,False
71372,False
71373,False
71374,False
71376,True
71377,False
71378,False
71379,True
71380,True
71381,True
71382,True
71383,False
71384,False
71385,False
71386,True
71387,True
71388,True
71389,True
71390,False
71391,False
71392,False
71393,True
71394,True
71395,True
71396,True
71397,True
71398,False
71399,True
71400,True
71401,True
71402,False
71403,False
71404,False
71405,False
71406,True
71407,True
71408,True
71409,True
71410,True
71411,True
71412,False
71413,False
71414,True
71415,True
71416,False
71417,True
71419,True
71420,False
71421,True
71422,False
71423,True
71424,True
71425,False
71426,False
71427,True
71428,True
71430,False
71431,True
71433,True
71434,True
71435,False
71436,False
71437,True
71438,True
71439,True
71440,True
71441,True
71442,False
71443,False
71444,False
71445,False
71446,True
71447,False
71448,False
71449,False
71450,True
71451,True
71452,True
71453,True
71454,True
71455,False
71456,False
71457,True
71458,True
71459,False
71460,False
71461,False
71462,False
71463,True
71464,True
71465,True
71466,True
71468,False
71469,True
71470,True
71471,False
71472,True
71473,True
71474,True
71475,False
71477,True
71478,True
71479,True
71480,False
71481,False
71482,True
71483,True
71484,True
71485,False
71486,False
71487,False
71488,True
71489,True
71490,True
71491,True
71492,True
71493,True
71494,False
71495,True
71496,False
71497,False
71498,False
71499,False
71500,True
71501,False
71502,False
71503,False
71504,True
71505,False
71506,True
71507,True
71508,True
71509,True
71510,True
71512,False
71513,False
71514,True
71515,False
71516,True
71517,True
71518,True
71519,True
71520,False
71521,True
71522,False
71523,True
71524,True
71525,False
71526,False
71527,True
71528,True
71529,True
71530,True
71531,True
71532,True
71533,True
71534,True
71535,True
71537,True
71538,True
71539,True
71540,False
71541,True
71542,True
71543,False
71544,True
71545,True
71546,True
71547,True
71548,False
71549,False
71550,False
71551,True
71552,True
71553,True
71554,True
71555,False
71556,False
71557,True
71558,True
71559,True
71561,True
71562,True
71563,True
71564,True
71565,True
71566,True
71567,False
71568,True
71570,True
71571,True
71572,False
71573,True
71574,False
71576,False
71577,False
71578,True
71579,False
71580,True
71581,True
71582,True
71583,False
71584,False
71585,False
71586,True
71588,True
71589,True
71590,True
71591,False
72001,False
72002,True
72003,False
72004,True
72005,True
72006,False
72007,False
72008,False
72009,False
72010,False
72011,True
72012,True
72013,True
72015,True
72016,False
72017,True
72018,True
72019,True
72020,False
72021,False
72022,False
72023,False
72024,False
72025,False
72026,True
72027,True
72028,True
72029,True
72031,False
72032,True
72034,True
72035,True
72036,True
72037,True
72038,False
72039,True
72040,False
72041,False
72042,False
72043,True
72044,False
72045,True
72046,False
72047,False
72048,True
72049,True
72050,True
72051,True
72052,True
72053,False
72054,False
72056,False
72057,True
72058,False
72059,True
72060,True
72061,False
72062,False
72064,True
72065,False
72066,True
72067,False
72068,True
72070,True
72071,True
72072,True
72073,False
72074,True
72075,False
72076,True
72077,True
72078,True
72079,True
72080,False
72083,True
72084,False
72085,True
72086,True
72087,True
72088,True
72089,True
72090,False
72091,True
72093,False
72094,False
72095,False
72096,True
72098,True
72099,False
72100,False
72101,True
72102,True
72103,True
72104,True
72105,True
72106,False
72107,True
72109,True
72110,False
72111,True
72112,True
72113,True
72114,False
72115,True
72118,True
72119,True
72120,True
72121,True
72122,False
72123,False
72124,False
72125,True
72126,True
72127,False
72128,True
72129,False
72130,False
72131,False
72132,False
72133,False
72134,True
72135,True
72136,True
72137,True
72138,True
72139,True
72141,True
72142,True
72143,True
72144,True
72145,True
72146,False
72147,False
72148,True
72149,True
72150,False
72151,False
72152,True
72153,True
72154,False
72155,False
72156,True
72157,True
72158,True
72160,True
72161,True
72163,False
72164,True
72165,False
72166,True
72167,False
72168,True
72169,False
72170,True
72171,True
72172,False
72173,True
72174,True
72175,True
72176,True
72177,True
72178,False
72179,False
72180,True
72181,False
72182,True
72183,True
72184,True
72185,False
72186,True
72187,False
72188,True
72189,True
72190,True
72191,True
72192,True
72193,True
72194,True
72195,False
72196,True
72197,True
72198,False
72199,True
72200,False
72201,True
72202,True
72204,True
72205,False
72208,True
72209,True
72210,True
72211,True
72212,True
72213,False
72214,True
72215,True
72216,True
72217,False
72218,True
72219,True
72220,True
72221,True
72222,True
72223,True
72224,False
72225,True
72226,True
72227,True
72228,False
72229,True
72230,False
72231,False
72232,False
72233,True
72234,True
72235,True
72236,False
72237,True
72238,True
72239,True
72241,False
72243,True
72244,False
72245,False
72246,False
72247,False
72248,True
72249,True
72250,True
72251,True
72252,True
72253,False
72254,True
72255,True
72256,True
72257,False
72259,True
72260,False
72261,True
72262,True
72264,False
72265,True
72266,True
72267,False
72268,False
72269,True
72270,True
72271,False
72272,True
72273,True
72274,True
72275,False
72276,True
72277,False
72278,True
72279,True
72280,False
72281,True
72282,True
72283,True
72286,True
72287,False
72289,False
72290,False
72291,True
72292,True
72293,False
72294,True
72295,True
72296,True
72297,True
72298,False
72299,False
72300,False
72302,False
72303,False
72305,True
72306,False
72307,True
72308,False
72309,True
72310,False
72311,True
72312,True
72313,True
72314,True
72315,True
72316,True
72317,True
72319,True
72320,False
72321,True
72322,True
72323,True
72324,True
72325,True
72326,True
72327,True
72328,False
72329,False
72330,True
72331,False
72332,True
72333,True
72334,True
72335,False
72336,False
72337,True
72338,False
72339,False
72340,False
72341,False
72342,False
72343,False
72344,False
72345,False
72346,False
72347,True
72348,True
72349,False
72350,False
72351,True
72352,True
72353,False
72354,True
72355,True
72356,True
72357,True
72358,False
72359,False
72360,False
72361,False
72362,True
72363,False
72364,True
72366,True
72367,True
72368,True
72369,True
72370,True
72372,True
72373,True
72374,True
72375,False
72376,True
72377,False
72378,False
72379,True
72380,True
72381,False
72382,False
72383,False
72385,True
72386,False
73001,False
73003,False
73004,True
73005,True
73006,False
73007,False
73008,False
73010,False
73011,False
73012,False
73013,False
73014,False
73015,False
73017,False
73018,False
73019,False
73020,True
73021,False
73022,False
73023,False
73024,False
73025,False
73026,True
73027,False
73028,False
73029,False
73030,False
73031,False
73032,False
73033,False
73034,True
73036,True
73039,False
73040,True
73041,False
73042,False
73043,False
73047,True
73048,False
73049,False
73050,False
73051,False
73052,False
73053,False
73054,False
73055,False
73057,False
73058,False
73059,False
73061,False
73063,False
73064,False
73065,False
73067,False
73068,False
73069,False
73070,False
73071,False
73072,False
73073,False
73074,False
73075,False
73076,False
73077,False
73078,False
73079,False
73081,True
73082,False
73083,False
73084,False
73085,False
73086,False
73087,False
73088,False
73089,False
73090,True
73091,False
73092,True
73094,False
73095,False
73096,False
73097,False
73098,False
73099,False
73100,False
73101,True
73103,False
73104,False
73105,False
73106,True
73107,True
73109,False
73110,False
73113,False
73114,False
73116,False
73117,False
73119,False
73120,False
73121,False
73122,False
73123,False
73124,False
73128,False
73129,False
73130,False
73131,True
73132,True
73133,False
73135,False
73137,False
73138,False
73139,True
73140,False
73141,False
73142,False
73145,False
73146,True
73147,False
73149,False
73150,False
73151,False
73152,False
73153,False
73154,False
73155,False
73156,False
73157,False
73159,False
73160,False
73161,False
73162,False
73164,False
73166,False
73168,False
73170,False
73171,False
73173,False
73175,False
73176,False
73177,False
73178,True
73179,False
73180,False
73181,True
73182,False
73183,False
73184,False
73186,False
73187,False
73188,False
73189,False
73190,True
73191,False
73192,True
73193,False
73194,False
73196,False
73197,False
73200,False
73201,False
73202,False
73204,False
73205,False
73206,False
73207,False
73208,False
73210,False
73211,True
73212,False
73213,False
73214,False
73215,False
73216,False
73217,False
73218,False
73219,False
73220,False
73221,True
73222,False
73223,False
73224,False
73225,False
73226,False
73227,False
73228,False
73229,False
73230,True
73231,False
73232,False
73233,False
73234,True
73235,False
73236,False
73237,False
73240,False
73241,False
73242,False
73243,False
73245,False
73246,False
73247,False
73248,False
73249,False
73250,False
73252,False
73253,True
73254,False
73255,False
73256,False
73257,True
73258,False
73259,False
73261,False
73262,False
73263,False
73265,False
73267,False
73268,False
73269,False
73270,False
73271,False
73272,False
73273,False
73274,True
73275,False
73276,False
73277,True
73278,False
73280,False
73281,False
73282,False
73283,False
73284,True
73285,False
73286,False
73288,False
73289,False
73290,True
73292,False
73293,False
73294,False
73296,False
73297,False
73298,False
73299,False
73300,False
73301,False
73302,False
73303,False
73304,False
73306,False
73307,False
73308,False
73309,False
73310,False
73311,False
73312,False
73313,False
73314,False
73315,False
73316,False
73317,True
73318,False
73320,False
73322,True
73323,False
73324,False
73326,False
73327,False
73328,False
73329,False
73330,False
74001,False
74002,False
74003,False
74004,False
74005,False
74006,False
74007,False
74008,False
74009,False
74010,False
74012,False
74013,False
74014,False
74015,False
74016,False
74018,False
74019,False
74020,False
74021,False
74024,False
74025,False
74026,False
74027,False
74029,False
74030,False
74031,False
74032,False
74033,False
74034,False
74035,False
74036,False
74037,False
74038,False
74040,False
74041,False
74042,False
74043,False
74044,False
74045,False
74046,False
74048,False
74049,False
74050,False
74051,False
74052,False
74053,False
74054,False
74055,False
74056,False
74057,False
74058,False
74059,False
74060,False
74061,False
74062,False
74063,False
74064,False
74065,False
74066,False
74067,False
74068,False
74069,False
74070,False
74071,False
74072,False
74073,False
74074,False
74075,False
74076,False
74077,False
74078,False
74079,False
74080,False
74081,False
74082,False
74083,False
74085,False
74086,False
74087,False
74088,False
74089,False
74090,False
74091,False
74094,False
74095,False
74096,False
74097,False
74098,False
74099,False
74100,False
74101,False
74102,False
74103,False
74104,False
74105,False
74106,False
74107,False
74108,False
74109,False
74111,False
74112,False
74114,False
74116,False
74117,False
74118,False
74119,False
74121,False
74122,False
74123,False
74124,False
74126,False
74127,False
74128,False
74129,False
74130,False
74131,False
74133,False
74134,False
74135,False
74136,False
74137,False
74138,False
74139,False
74140,False
74141,False
74142,False
74143,False
74144,False
74145,False
74146,False
74147,False
74148,False
74150,False
74151,False
74152,False
74153,False
74154,False
74155,False
74156,False
74157,False
74158,False
74159,False
74160,False
74161,False
74162,False
74163,False
74164,False
74165,False
74166,False
74167,False
74168,False
74169,False
74170,False
74171,False
74172,False
74173,False
74174,False
74175,False
74176,False
74177,False
74178,False
74179,False
74180,False
74183,False
74184,False
74185,False
74186,False
74188,False
74189,False
74190,False
74191,False
74192,False
74193,False
74194,False
74195,False
74196,False
74197,False
74198,False
74199,False
74200,False
74201,False
74202,False
74203,False
74205,False
74206,False
74208,False
74209,False
74210,False
74211,False
74212,False
74213,False
74215,False
74216,False
74218,False
74219,False
74220,False
74221,False
74222,False
74223,False
74224,False
74225,False
74226,False
74228,False
74229,False
74231,False
74232,False
74233,False
74234,False
74235,False
74236,False
74237,False
74238,False
74239,False
74240,False
74241,False
74242,False
74243,False
74244,False
74249,False
74250,False
74252,False
74253,False
74254,False
74255,False
74256,False
74257,False
74258,False
74259,False
74260,False
74261,False
74262,False
74263,False
74264,False
74265,False
74266,False
74267,False
74269,False
74271,False
74272,False
74273,False
74275,False
74276,False
74278,False
74279,False
74280,False
74281,False
74282,False
74283,False
74284,False
74285,False
74286,False
74287,False
74288,False
74289,False
74290,False
74291,False
74292,False
74293,False
74294,False
74295,False
74296,False
74297,False
74298,False
74299,False
74301,False
74302,False
74303,False
74304,False
74305,False
74306,False
74307,False
74308,False
74309,False
74310,False
74311,False
74312,False
74313,False
74314,False
74315,False
75056,False
76001,False
76002,False
76004,False
76005,False
76006,False
76007,False
76008,False
76009,False
76010,False
76011,False
76012,False
76013,False
76014,False
76015,False
76016,False
76017,False
76018,False
76019,False
76020,False
76021,False
76022,False
76023,False
76024,True
76025,True
76026,False
76028,True
76029,True
76030,False
76032,False
76033,False
76034,False
76035,True
76036,False
76038,False
76039,False
76040,False
76041,False
76042,True
76043,False
76045,False
76046,False
76047,False
76048,True
76049,True
76050,False
76051,False
76052,True
76053,True
76054,False
76055,False
76056,False
76057,False
76058,False
76059,True
76060,True
76062,False
76063,False
76064,False
76065,True
76066,False
76067,True
76068,False
76069,False
76070,True
76071,False
76072,False
76074,True
76075,False
76076,False
76077,False
76079,False
76082,False
76083,False
76084,False
76085,False
76086,False
76087,False
76088,False
76090,False
76091,False
76092,False
76093,True
76094,False
76095,False
76096,False
76097,False
76099,False
76100,False
76101,True
76103,False
76104,False
76105,False
76106,False
76107,False
76108,False
76109,False
76110,False
76111,False
76112,False
76113,False
76114,False
76115,False
76116,False
76117,False
76118,False
76119,True
76120,False
76121,False
76122,True
76123,False
76124,True
76125,False
76126,True
76128,False
76129,False
76130,True
76131,False
76132,False
76133,False
76134,False
76135,False
76136,False
76138,False
76139,True
76140,False
76141,False
76142,True
76143,False
76144,False
76146,False
76147,True
76148,True
76149,False
76151,False
76152,False
76153,False
76154,True
76155,False
76156,False
76157,False
76158,False
76159,False
76160,False
76161,False
76162,False
76163,False
76164,False
76165,False
76166,True
76167,False
76168,False
76169,False
76170,False
76171,True
76172,False
76173,False
76174,False
76175,True
76176,False
76177,False
76178,False
76179,False
76180,False
76181,False
76182,False
76183,False
76184,False
76185,True
76186,True
76187,False
76188,False
76189,False
76190,False
76192,False
76193,True
76194,False
76195,False
76196,False
76197,False
76198,False
76199,True
76200,True
76201,True
76202,True
76203,False
76204,False
76205,False
76206,False
76207,False
76208,True
76209,True
76210,False
76211,True
76212,False
76213,False
76214,False
76216,False
76217,False
76218,True
76219,False
76220,False
76221,False
76222,False
76223,False
76224,False
76225,False
76226,False
76227,False
76228,False
76229,True
76230,False
76231,False
76232,False
76233,True
76234,False
76235,False
76236,False
76237,False
76238,False
76239,False
76240,False
76241,False
76242,True
76243,False
76244,True
76245,False
76247,False
76249,False
76250,False
76251,False
76252,False
76253,False
76254,False
76255,False
76257,True
76258,False
76259,False
76260,True
76261,True
76262,True
76263,True
76264,False
76265,True
76266,False
76268,False
76269,True
76270,False
76271,False
76272,False
76273,False
76274,False
76275,False
76276,True
76278,True
76279,False
76280,True
76281,False
76282,False
76283,True
76284,False
76285,False
76286,True
76287,False
76288,False
76289,False
76290,False
76291,False
76292,True
76293,False
76294,False
76295,True
76296,False
76297,True
76298,False
76299,False
76300,False
76302,False
76303,False
76304,False
76305,False
76306,False
76307,False
76308,False
76309,False
76311,False
76312,True
76313,False
76314,False
76315,False
76316,False
76317,False
76318,False
76319,False
76320,True
76321,True
76322,False
76323,True
76324,False
76325,False
76327,False
76328,False
76329,False
76330,False
76331,False
76332,True
76333,True
76334,False
76335,False
76336,False
76338,True
76339,False
76340,False
76341,False
76342,False
76343,True
76344,True
76345,True
76346,False
76347,False
76348,False
76349,False
76350,False
76351,False
76352,True
76353,False
76354,False
76355,False
76356,False
76357,False
76358,True
76359,False
76360,False
76361,False
76362,False
76363,True
76364,True
76365,False
76366,False
76367,False
76368,False
76369,False
76370,False
76371,False
76372,True
76373,False
76374,False
76375,False
76377,False
76378,False
76379,False
76380,False
76381,True
76382,False
76383,False
76384,False
76385,False
76386,False
76387,False
76388,False
76389,False
76390,False
76391,False
76392,True
76393,True
76394,False
76395,False
76396,False
76397,False
76398,False
76399,True
76400,False
76401,False
76402,False
76403,False
76404,False
76405,False
76406,False
76407,False
76408,False
76409,False
76410,False
76411,True
76412,False
76413,False
76414,False
76415,True
76416,True
76417,True
76418,False
76419,False
76420,True
76421,False
76422,False
76423,True
76424,True
76425,False
76426,True
76427,True
76428,False
76429,False
76430,True
76431,True
76432,True
76433,False
76434,False
76435,False
76436,False
76437,False
76438,False
76439,False
76440,True
76441,True
76442,False
76443,False
76445,True
76446,False
76447,False
76448,False
76449,False
76450,True
76451,False
76452,False
76453,False
76454,True
76455,True
76456,False
76457,False
76458,False
76459,True
76460,True
76461,True
76462,True
76463,True
76464,False
76465,True
76467,False
76468,False
76469,True
76470,False
76471,False
76472,False
76473,False
76474,False
76475,False
76476,False
76477,False
76478,False
76479,True
76480,False
76481,False
76482,False
76483,False
76484,False
76485,False
76486,False
76487,True
76488,False
76489,False
76490,False
76491,False
76492,False
76493,False
76494,False
76495,False
76497,False
76498,False
76499,False
76500,True
76501,False
76502,False
76503,False
76504,False
76505,True
76506,True
76507,False
76508,False
76509,False
76510,False
76511,True
76512,True
76513,False
76514,False
76515,False
76516,True
76517,False
76518,False
76519,False
76520,True
76521,False
76522,False
76523,True
76524,False
76526,False
76527,True
76528,True
76529,False
76530,False
76531,False
76532,True
76533,False
76534,False
76535,True
76536,False
76537,True
76538,True
76540,False
76541,False
76542,False
76543,False
76544,True
76545,False
76546,False
76547,False
76548,False
76549,False
76550,False
76551,False
76552,False
76553,True
76554,False
76555,False
76556,False
76557,False
76558,False
76559,False
76560,False
76561,False
76562,False
76563,False
76564,False
76565,False
76566,False
76567,True
76568,False
76569,False
76570,False
76571,False
76572,False
76573,False
76574,False
76575,False
76576,False
76577,False
76578,True
76580,False
76581,False
76582,False
76583,False
76584,True
76585,False
76586,False
76587,False
76588,True
76589,False
76590,False
76591,False
76592,False
76593,False
76594,False
76595,False
76596,False
76597,False
76598,True
76599,False
76600,False
76601,True
76602,False
76603,False
76604,False
76605,False
76606,True
76608,False
76609,False
76610,False
76611,False
76612,True
76613,False
76614,False
76615,False
76616,False
76617,False
76618,False
76619,False
76620,True
76621,True
76622,False
76623,True
76624,False
76626,False
76627,False
76628,False
76629,False
76630,False
76631,False
76632,False
76634,False
76635,True
76636,False
76637,False
76638,False
76640,False
76641,False
76642,False
76644,False
76645,True
76646,False
76647,False
76648,True
76649,True
76650,False
76651,False
76652,False
76653,False
76654,False
76655,False
76656,False
76657,False
76658,False
76660,False
76662,False
76663,False
76664,False
76665,False
76666,True
76667,False
76668,False
76669,False
76670,False
76671,False
76672,True
76673,False
76675,False
76676,True
76677,True
76678,True
76679,False
76680,False
76681,False
76682,False
76683,False
76684,False
76685,False
76686,False
76688,False
76689,False
76690,False
76691,True
76692,False
76693,False
76694,False
76695,False
76697,False
76698,False
76699,False
76700,False
76702,False
76703,False
76705,False
76706,False
76707,False
76708,False
76709,False
76710,False
76711,False
76712,False
76714,False
76715,False
76716,False
76717,False
76718,False
76719,False
76720,False
76721,False
76723,False
76724,True
76725,False
76726,False
76727,False
76728,False
76730,False
76731,False
76732,False
76733,True
76734,False
76735,False
76736,False
76737,False
76738,False
76739,True
76740,False
76741,False
76743,False
76744,True
76745,False
76746,False
76747,False
76748,False
76749,True
76750,False
76751,False
76752,False
76753,False
76754,False
76755,False
76756,False
76757,False
76758,False
76759,False
77001,False
77002,False
77003,False
77004,False
77005,False
77006,False
77007,False
77008,False
77009,True
77010,False
77011,False
77012,True
77013,False
77014,False
77015,False
77016,False
77018,False
77019,False
77020,False
77021,False
77022,False
77023,False
77024,False
77025,False
77026,True
77027,True
77029,False
77030,False
77031,False
77032,True
77033,False
77034,False
77035,False
77036,False
77037,False
77038,False
77039,False
77040,False
77041,False
77042,False
77043,False
77044,False
77045,False
77046,False
77047,False
77048,False
77049,False
77050,False
77051,False
77052,False
77053,False
77054,False
77055,False
77056,False
77057,False
77058,False
77059,False
77060,False
77061,False
77062,False
77063,False
77065,False
77066,True
77067,False
77068,False
77069,False
77070,False
77071,False
77072,True
77073,False
77075,False
77076,False
77077,False
77078,False
77079,False
77080,True
77081,False
77082,False
77083,False
77084,False
77085,False
77086,False
77087,False
77088,False
77089,False
77090,False
77091,False
77093,False
77094,False
77095,False
77096,False
77097,False
77098,False
77099,False
77100,False
77101,False
77102,False
77103,False
77104,False
77106,False
77107,False
77108,False
77109,False
77110,False
77111,False
77112,False
77113,False
77114,False
77115,False
77116,False
77117,False
77118,False
77119,False
77120,False
77121,False
77122,False
77123,False
77124,False
77125,False
77126,False
77127,False
77128,False
77129,False
77130,False
77131,False
77132,False
77133,False
77134,True
77135,False
77136,False
77137,True
77138,False
77139,False
77140,False
77141,False
77142,False
77143,False
77144,False
77145,False
77146,False
77147,True
77148,False
77150,False
77151,False
77152,False
77153,False
77154,False
77155,False
77156,False
77157,False
77158,False
77159,False
77161,False
77162,False
77163,False
77164,False
77165,False
77167,False
77168,False
77169,False
77171,False
77172,False
77173,False
77174,False
77175,False
77176,False
77177,False
77178,False
77179,False
77180,False
77181,False
77182,False
77183,False
77184,False
77185,False
77186,False
77187,False
77188,False
77190,False
77191,False
77192,False
77193,False
77194,False
77195,False
77196,False
77197,False
77198,False
77199,False
77200,False
77201,False
77202,False
77203,False
77204,False
77205,False
77206,False
77207,True
77208,False
77209,False
77210,False
77211,False
77212,False
77214,False
77215,False
77216,False
77217,False
77218,False
77219,False
77220,False
77221,False
77222,False
77223,False
77224,False
77225,False
77226,False
77227,False
77228,False
77229,False
77230,True
77231,False
77232,False
77233,False
77234,False
77235,False
77236,False
77237,False
77238,False
77239,True
77240,False
77241,False
77242,False
77243,False
77244,False
77245,False
77246,True
77247,False
77248,False
77249,False
77250,False
77251,False
77252,False
77253,False
77254,False
77255,False
77256,False
77257,False
77258,False
77259,False
77260,False
77261,False
77262,True
77263,False
77264,False
77265,False
77266,False
77267,False
77268,False
77269,False
77270,False
77271,False
77272,False
77273,False
77274,False
77275,True
77276,False
77277,False
77278,False
77279,False
77280,False
77281,False
77282,False
77283,False
77284,False
77285,False
77286,False
77287,False
77288,False
77289,True
77290,False
77291,False
77292,False
77293,False
77294,False
77295,False
77296,False
77297,False
77298,False
77300,False
77301,True
77302,False
77303,False
77304,False
77305,False
77306,False
77307,False
77308,False
77309,False
77310,False
77311,False
77312,False
77313,False
77314,False
77315,False
77316,False
77317,False
77318,False
77319,False
77320,False
77321,False
77322,False
77323,False
77325,False
77326,False
77327,False
77328,False
77329,False
77330,False
77331,False
77332,False
77333,False
77335,False
77336,False
77337,False
77338,False
77339,False
77340,False
77341,False
77342,True
77343,False
77344,False
77345,False
77347,False
77348,False
77349,False
77350,False
77352,False
77353,False
77354,False
77355,False
77356,False
77357,True
77358,False
77359,False
77360,False
77361,False
77363,False
77364,False
77365,False
77366,False
77367,False
77368,False
77369,False
77370,False
77371,False
77372,False
77373,False
77374,False
77376,False
77377,False
77378,False
77379,False
77380,False
77381,False
77382,False
77383,False
77384,False
77385,False
77386,False
77387,False
77388,False
77389,False
77390,False
77391,False
77392,False
77393,False
77394,False
77395,False
77396,True
77397,False
77398,False
77400,False
77401,False
77402,False
77403,False
77404,False
77405,False
77406,False
77407,False
77408,False
77409,False
77410,False
77411,False
77412,False
77413,False
77414,False
77415,False
77416,False
77417,False
77418,False
77419,False
77420,False
77421,False
77423,False
77424,True
77425,False
77426,False
77427,False
77428,False
77429,False
77430,False
77431,False
77432,False
77433,False
77434,False
77435,False
77436,False
77437,False
77438,False
77439,False
77440,False
77441,False
77442,False
77443,False
77444,True
77445,False
77446,False
77447,False
77448,False
77449,False
77450,False
77451,False
77452,False
77453,False
77454,False
77455,False
77456,False
77457,False
77458,False
77459,True
77460,False
77461,False
77462,False
77463,False
77464,False
77465,False
77466,False
77467,False
77468,False
77469,False
77470,False
77471,False
77472,False
77473,False
77474,False
77475,False
77476,False
77477,False
77478,False
77479,False
77480,False
77481,False
77482,False
77483,False
77484,False
77485,False
77486,True
77487,False
77489,False
77490,False
77492,False
77493,False
77494,False
77495,False
77496,False
77498,False
77500,False
77501,False
77504,False
77505,False
77506,False
77507,False
77508,False
77509,False
77510,False
77511,False
77512,False
77513,False
77514,False
77515,False
77516,False
77517,False
77518,False
77519,True
77520,False
77521,False
77522,False
77523,False
77524,False
77525,False
77526,False
77527,False
77528,False
77529,False
77530,True
77531,False
77532,False
77533,False
77534,False
78003,False
78005,False
78006,False
78007,False
78009,False
78010,False
78013,False
78015,False
78020,False
78029,False
78030,False
78031,False
78033,False
78034,False
78036,False
78043,False
78048,False
78049,False
78050,False
78053,False
78057,False
78062,False
78068,False
78070,False
78071,False
78072,False
78073,False
78076,False
78077,False
78082,False
78084,False
78087,False
78089,False
78090,False
78092,False
78096,False
78104,False
78107,False
78108,False
78113,False
78117,False
78118,False
78120,False
78123,False
78124,False
78125,False
78126,False
78128,False
78133,False
78138,False
78140,False
78143,False
78146,False
78147,False
78152,False
78158,False
78160,False
78162,False
78163,False
78164,False
78165,False
78168,False
78171,False
78172,False
78185,False
78188,False
78189,False
78190,False
78192,False
78193,False
78194,False
78196,False
78202,False
78206,False
78208,False
78209,False
78217,False
78220,False
78224,False
78227,False
78230,False
78231,False
78233,False
78234,False
78236,False
78237,False
78238,False
78239,False
78242,False
78245,False
78246,False
78255,False
78261,False
78262,False
78263,False
78264,False
78265,False
78267,False
78269,False
78276,False
78278,False
78281,False
78283,False
78285,False
78289,False
78290,False
78291,False
78296,False
78297,False
78299,False
78300,False
78302,False
78305,False
78307,False
78310,False
78311,False
78314,False
78317,False
78320,False
78321,False
78322,False
78324,False
78325,False
78327,False
78329,False
78334,False
78335,False
78337,False
78343,False
78344,False
78346,False
78349,False
78350,False
78354,False
78356,False
78358,False
78361,False
78362,False
78364,False
78366,False
78367,False
78368,False
78372,False
78380,False
78381,False
78382,False
78383,False
78384,False
78385,False
78389,False
78391,False
78396,False
78397,False
78398,False
78401,False
78402,False
78403,False
78404,False
78406,False
78407,False
78410,False
78413,False
78415,False
78416,False
78417,False
78418,False
78420,False
78423,False
78431,False
78437,False
78439,False
78440,False
78442,False
78443,False
78444,False
78451,False
78455,False
78460,False
78464,False
78465,False
78466,False
78470,False
78472,False
78474,False
78475,False
78478,False
78481,False
78484,False
78486,False
78490,False
78497,False
78498,False
78499,False
78501,False
78502,False
78505,False
78506,False
78513,False
78516,False
78517,False
78518,False
78520,False
78522,False
78528,False
78530,False
78531,False
78536,False
78537,False
78545,False
78548,False
78550,False
78551,False
78557,False
78558,False
78559,False
78561,False
78562,False
78564,False
78565,False
78567,False
78569,False
78571,False
78575,False
78576,False
78586,False
78588,False
78590,False
78591,False
78597,False
78601,False
78605,False
78606,False
78608,False
78609,False
78615,False
78616,False
78618,False
78620,False
78621,False
78623,False
78624,False
78638,False
78640,False
78642,False
78643,False
78644,False
78646,False
78647,False
78650,False
78653,False
78655,False
78668,False
78672,False
78674,False
78677,False
78681,False
78683,False
78686,False
78688,False
79001,True
79002,True
79003,False
79005,True
79007,True
79008,True
79009,False
79010,False
79012,True
79013,True
79014,True
79015,True
79016,True
79018,True
79019,True
79020,False
79022,True
79023,False
79024,False
79025,True
79029,True
79030,True
79031,True
79032,True
79034,False
79038,True
79040,True
79042,False
79046,False
79047,True
79048,False
79049,True
79050,True
79055,True
79056,True
79057,True
79058,False
79059,True
79060,True
79061,True
79062,True
79063,True
79064,True
79066,True
79069,True
79070,True
79071,True
79074,True
79076,True
79077,True
79078,True
79079,True
79080,True
79081,False
79083,True
79084,True
79085,True
79086,False
79087,True
79088,True
79089,True
79090,True
79091,True
79092,True
79094,True
79095,True
79096,True
79100,False
79101,True
79102,True
79103,True
79104,True
79105,True
79106,True
79108,True
79109,False
79111,True
79112,False
79114,False
79115,True
79116,True
79117,True
79118,True
79119,True
79120,True
79121,True
79122,True
79123,True
79124,True
79125,False
79126,True
79127,True
79128,False
79129,True
79130,False
79131,True
79132,True
79133,False
79134,True
79135,True
79136,True
79137,True
79139,True
79140,True
79141,True
79142,True
79144,False
79145,True
79147,True
79148,True
79149,True
79150,True
79152,True
79153,True
79154,True
79156,True
79157,True
79158,True
79159,True
79160,True
79161,True
79162,False
79163,True
79164,True
79165,True
79166,True
79167,True
79170,False
79172,True
79174,True
79175,True
79176,True
79177,True
79179,True
79180,True
79183,True
79184,True
79185,True
79189,False
79190,True
79191,False
79195,True
79196,True
79197,True
79198,True
79200,True
79201,False
79202,True
79203,True
79204,True
79205,True
79207,True
79208,True
79209,True
79210,True
79212,True
79213,True
79215,True
79216,False
79217,True
79218,True
79220,False
79223,True
79225,True
79226,True
79229,False
79230,True
79231,False
79235,True
79236,True
79238,True
79239,True
79241,True
79242,True
79243,True
79244,True
79246,False
79249,False
79250,True
79251,True
79252,True
79253,True
79254,False
79255,True
79256,True
79257,False
79258,True
79259,True
79263,True
79265,True
79267,True
79268,True
79269,True
79270,False
79271,True
79273,False
79274,True
79276,False
79277,True
79278,True
79280,True
79281,False
79283,False
79284,True
79285,True
79286,True
79289,True
79290,True
79293,False
79294,False
79295,True
79297,True
79298,False
79299,True
79300,True
79301,True
79302,False
79303,False
79304,False
79306,True
79307,True
79308,False
79309,True
79310,True
79311,True
79312,True
79313,True
79316,False
79319,False
79320,True
79322,True
79326,True
79329,True
79331,True
79332,True
79334,True
79335,False
79336,True
79337,False
79338,True
79339,True
79340,True
79341,True
79342,True
79343,True
79345,True
79346,True
79347,True
79348,True
79349,True
79350,True
79351,False
79352,True
79354,True
79355,False
79357,True
80001,False
80002,True
80003,True
80004,False
80005,True
80006,True
80008,False
80009,True
80010,False
80011,False
80013,False
80014,True
80015,True
80016,True
80017,True
80018,False
80019,False
80020,False
80021,False
80022,False
80023,False
80024,False
80025,True
80026,False
80027,False
80028,True
80029,False
80030,True
80031,False
80032,False
80033,True
80034,False
80035,False
80036,False
80037,False
80038,True
80039,False
80040,False
80041,False
80042,True
80043,True
80044,False
80045,True
80046,False
80047,True
80048,False
80049,False
80050,False
80051,False
80052,False
80053,False
80054,True
80055,True
80056,False
80057,True
80058,True
80059,True
80060,True
80061,False
80062,False
80063,False
80064,False
80065,True
80066,False
80067,True
80068,True
80069,True
80070,False
80071,False
80073,True
80074,False
80076,False
80077,False
80078,False
80079,False
80080,True
80081,False
80082,False
80083,False
80084,False
80085,True
80086,True
80087,True
80088,True
80089,True
80090,True
80092,False
80093,False
80094,False
80095,True
80096,False
80097,False
80098,False
80099,False
80100,False
80101,False
80102,True
80103,False
80104,True
80105,False
80106,False
80107,False
80108,True
80109,True
80110,False
80112,False
80113,True
80114,False
80115,True
80116,True
80117,False
80118,True
80119,False
80120,True
80121,False
80122,False
80123,False
80124,False
80125,False
80126,True
80127,False
80128,True
80129,True
80130,False
80131,False
80132,False
80133,True
80134,False
80135,False
80136,True
80137,False
80138,False
80139,False
80140,False
80141,True
80142,False
80143,False
80144,False
80145,True
80146,False
80147,True
80148,False
80149,True
80150,True
80151,True
80152,False
80153,True
80154,True
80155,True
80156,False
80157,False
80158,False
80159,False
80160,False
80161,False
80162,True
80163,False
80164,False
80165,False
80166,False
80167,True
80168,True
80169,False
80170,False
80171,False
80172,True
80173,False
80174,False
80176,False
80177,True
80179,False
80180,False
80181,False
80182,False
80183,False
80184,False
80185,False
80186,True
80187,False
80188,False
80189,True
80190,False
80191,True
80192,False
80193,False
80194,True
80195,True
80196,False
80197,False
80198,False
80199,True
80200,True
80201,True
80202,False
80203,True
80204,True
80205,False
80206,True
80207,False
80208,True
80210,False
80211,False
80212,False
80213,False
80214,False
80215,True
80216,True
80217,True
80218,False
80219,False
80220,False
80221,True
80222,True
80223,False
80224,False
80225,False
80226,False
80227,False
80228,True
80229,False
80230,False
80231,True
80232,False
80233,False
80234,False
80235,False
80236,False
80237,False
80238,True
80239,True
80240,True
80241,False
80242,False
80243,True
80244,True
80245,True
80246,False
80247,True
80248,True
80249,True
80250,True
80251,False
80252,False
80253,False
80256,False
80258,True
80259,False
80260,False
80261,False
80262,False
80263,False
80264,True
80265,False
80266,True
80267,False
80268,False
80269,False
80270,True
80271,True
80272,False
80273,False
80274,False
80275,True
80276,False
80278,False
80279,False
80280,False
80281,True
80282,False
80283,False
80284,False
80285,False
80287,False
80288,True
80290,True
80291,False
80292,False
80293,False
80294,True
80295,True
80296,False
80297,False
80298,True
80299,False
80300,False
80301,False
80302,False
80303,True
80304,True
80305,False
80306,False
80307,True
80308,False
80310,True
80311,False
80312,True
80313,True
80314,True
80315,False
80316,False
80317,False
80318,False
80319,False
80320,True
80321,False
80322,False
80324,False
80325,True
80326,False
80327,True
80328,False
80329,True
80330,False
80331,True
80332,True
80333,True
80334,False
80335,True
80336,False
80337,False
80338,False
80339,True
80340,False
80341,False
80342,True
80343,False
80344,True
80345,False
80346,False
80347,True
80348,False
80349,False
80350,False
80351,False
80352,False
80353,True
80354,False
80355,False
80356,False
80357,False
80358,False
80359,False
80360,False
80361,False
80362,True
80364,False
80365,False
80366,True
80367,True
80368,False
80369,True
80371,True
80372,False
80373,False
80374,True
80375,False
80376,False
80377,False
80378,True
80379,False
80380,True
80381,True
80383,False
80384,True
80385,False
80386,False
80387,False
80388,False
80390,False
80391,False
80392,False
80393,False
80395,False
80396,True
80397,True
80399,False
80400,True
80401,True
80402,False
80403,False
80404,True
80405,False
80406,False
80407,False
80408,False
80409,True
80410,False
80411,False
80412,False
80413,True
80414,False
80415,False
80416,False
80417,True
80418,True
80420,True
80421,False
80422,True
80423,False
80424,False
80425,True
80426,False
80427,False
80428,True
80429,False
80430,True
80431,True
80432,True
80433,False
80434,True
80435,True
80436,False
80437,False
80438,True
80439,True
80440,True
80442,False
80443,False
80444,False
80445,False
80446,False
80449,False
80450,False
80451,True
80452,False
80453,False
80455,False
80456,False
80458,False
80459,False
80460,False
80461,False
80462,True
80463,False
80464,False
80465,False
80466,False
80467,False
80468,True
80469,False
80470,True
80472,True
80473,False
80474,False
80475,True
80476,False
80477,True
80478,False
80479,False
80480,False
80481,True
80482,False
80484,False
80485,False
80486,True
80487,True
80488,False
80489,False
80490,True
80491,False
80493,True
80494,False
80495,False
80496,True
80497,True
80498,True
80499,False
80500,True
80501,True
80502,True
80503,True
80504,False
80505,True
80507,False
80508,False
80509,True
80511,False
80512,False
80513,True
80514,True
80515,False
80516,True
80517,False
80518,True
80519,False
80520,True
80521,True
80522,False
80523,True
80524,True
80525,False
80526,True
80527,False
80528,False
80529,False
80530,False
80531,False
80533,False
80535,False
80536,True
80537,True
80538,True
80540,True
80541,False
80542,False
80543,False
80544,True
80545,False
80546,False
80547,True
80548,True
80549,True
80550,False
80552,True
80553,False
80554,False
80555,False
80556,False
80557,True
80558,False
80559,False
80560,True
80561,False
80562,False
80563,True
80565,False
80566,True
80568,False
80569,False
80570,False
80571,False
80572,True
80573,False
80574,True
80575,False
80576,False
80577,False
80578,False
80579,False
80580,True
80582,False
80583,False
80584,False
80585,False
80586,False
80587,False
80588,False
80589,True
80590,True
80591,False
80592,False
80593,True
80595,False
80596,False
80597,False
80598,True
80599,True
80600,True
80601,True
80602,True
80603,False
80604,False
80605,False
80606,False
80607,False
80609,True
80611,False
80613,False
80614,True
80615,True
80616,False
80617,True
80618,False
80619,False
80620,True
80621,True
80622,False
80623,False
80624,False
80625,False
80626,False
80627,False
80628,False
80629,True
80630,False
80631,True
80632,False
80633,True
80634,False
80635,True
80637,True
80638,False
80639,False
80640,True
80642,True
80643,False
80644,True
80645,True
80646,True
80647,True
80648,True
80649,True
80650,False
80651,False
80652,False
80654,False
80655,False
80656,False
80657,False
80658,False
80659,True
80661,False
80662,True
80663,False
80664,True
80665,True
80666,True
80667,False
80668,False
80669,False
80670,False
80671,False
80672,False
80673,False
80674,False
80675,False
80676,False
80677,True
80678,False
80679,True
80680,True
80681,False
80682,True
80683,False
80684,False
80685,False
80686,False
80687,False
80688,True
80690,False
80691,False
80692,True
80693,False
80694,False
80695,True
80696,False
80697,True
80698,False
80699,False
80700,False
80701,False
80702,False
80703,False
80704,False
80705,True
80706,False
80707,False
80708,False
80709,False
80710,False
80711,False
80713,True
80714,False
80716,True
80717,False
80718,False
80719,False
80721,False
80722,False
80723,False
80724,False
80725,False
80726,False
80728,False
80729,False
80730,False
80732,False
80733,True
80734,False
80735,False
80736,False
80737,True
80738,False
80740,False
80741,True
80742,False
80743,True
80744,False
80746,False
80747,True
80748,True
80749,False
80750,False
80751,False
80752,False
80753,True
80754,False
80755,False
80756,True
80757,False
80758,False
80759,False
80760,True
80762,True
80763,True
80764,False
80765,False
80766,True
80767,False
80769,False
80770,False
80771,False
80773,False
80774,False
80775,False
80776,True
80777,True
80778,False
80779,False
80780,False
80781,True
80782,False
80783,False
80784,False
80785,False
80786,False
80787,True
80788,False
80789,True
80790,False
80791,False
80792,False
80793,False
80794,False
80795,False
80796,False
80797,False
80798,False
80799,False
80800,False
80801,True
80802,True
80803,False
80804,True
80805,False
80806,True
80807,True
80808,True
80809,True
80810,True
80811,False
80812,True
80813,False
80814,True
80815,True
80819,False
80820,False
80821,False
80822,False
80823,True
80824,True
80825,False
80826,False
80827,False
80828,False
80829,False
80830,True
80832,True
80833,True
80834,False
80835,False
80836,False
81001,True
81002,False
81003,True
81004,False
81005,True
81006,True
81007,True
81008,True
81009,True
81010,True
81011,False
81012,True
81013,True
81014,True
81015,True
81016,True
81017,True
81018,False
81019,True
81020,True
81021,False
81022,True
81023,True
81024,True
81025,True
81026,True
81027,True
81028,True
81029,True
81030,True
81031,True
81032,True
81033,True
81034,False
81035,True
81036,True
81037,True
81038,True
81039,True
81040,True
81041,True
81042,True
81043,True
81044,True
81045,True
81046,True
81047,True
81048,True
81049,True
81050,True
81051,True
81052,False
81053,True
81054,True
81055,True
81056,True
81058,True
81059,False
81060,True
81061,True
81062,True
81063,False
81064,True
81065,False
81066,False
81067,True
81068,True
81069,True
81070,True
81071,True
81072,True
81073,True
81074,False
81075,True
81076,True
81077,True
81078,True
81079,False
81080,True
81081,True
81082,True
81083,True
81084,True
81085,True
81086,True
81087,True
81088,True
81089,True
81090,True
81092,True
81093,True
81094,True
81095,True
81096,True
81097,False
81098,True
81099,True
81100,True
81101,True
81102,False
81103,True
81104,True
81105,True
81106,True
81108,True
81109,True
81110,True
81111,True
81112,True
81114,True
81115,True
81116,False
81117,True
81118,True
81119,True
81120,False
81121,True
81122,True
81123,True
81124,True
81125,True
81126,True
81127,True
81128,True
81129,True
81130,False
81131,True
81132,True
81133,True
81134,True
81135,True
81136,True
81137,True
81138,True
81139,True
81140,False
81141,True
81142,True
81143,True
81144,False
81145,True
81146,True
81147,True
81148,True
81149,True
81150,False
81151,True
81152,True
81154,True
81156,False
81157,True
81158,True
81159,True
81160,True
81161,True
81162,True
81163,False
81164,True
81165,True
81166,True
81167,True
81168,True
81169,True
81170,True
81171,True
81172,True
81173,True
81174,True
81175,True
81176,True
81177,True
81178,True
81179,True
81180,True
81181,True
81182,True
81183,True
81184,True
81185,True
81186,True
81187,True
81188,True
81189,True
81190,True
81191,True
81192,True
81193,True
81195,False
81196,False
81197,True
81198,True
81199,True
81200,True
81201,True
81202,True
81203,True
81204,False
81205,True
81206,True
81207,True
81208,True
81209,False
81210,True
81211,True
81212,True
81213,True
81214,True
81215,True
81216,True
81217,True
81218,False
81219,True
81220,True
81221,True
81222,True
81223,True
81224,True
81225,True
81227,True
81228,True
81229,True
81230,True
81231,True
81232,False
81233,True
81234,True
81235,True
81236,False
81237,True
81238,False
81239,True
81240,True
81242,True
81243,True
81244,True
81245,True
81246,True
81247,True
81248,True
81249,True
81250,True
81251,True
81252,True
81253,True
81254,True
81255,False
81256,True
81257,False
81258,True
81259,True
81261,False
81262,True
81263,True
81264,True
81265,True
81266,True
81267,True
81268,True
81269,True
81270,True
81271,False
81272,True
81273,True
81274,False
81275,True
81276,True
81277,True
81278,True
81279,True
81280,True
81281,True
81282,True
81283,True
81284,False
81285,True
81286,True
81287,True
81288,True
81289,True
81290,True
81291,True
81292,True
81293,True
81294,True
81295,True
81297,False
81298,False
81299,True
81300,True
81302,True
81303,True
81304,True
81305,True
81306,True
81307,False
81308,True
81309,True
81310,True
81311,True
81312,True
81313,True
81314,True
81315,True
81316,True
81317,True
81318,True
81319,True
81320,True
81321,True
81322,True
81323,True
81324,True
81325,True
81326,True
82001,False
82002,False
82003,False
82004,True
82005,False
82006,True
82007,True
82008,True
82009,True
82010,True
82011,True
82012,True
82013,True
82014,False
82015,True
82016,True
82017,False
82018,False
82019,False
82020,False
82021,True
82022,True
82023,False
82024,True
82025,False
82026,True
82027,False
82028,False
82029,True
82030,False
82031,False
82032,True
82033,False
82034,True
82035,False
82036,True
82037,True
82038,True
82039,True
82040,True
82041,True
82042,True
82043,False
82044,False
82045,False
82046,False
82047,True
82048,False
82049,True
82050,True
82051,True
82052,False
82053,True
82054,True
82055,True
82056,True
82057,False
82058,False
82059,True
82060,True
82061,True
82062,False
82063,False
82064,True
82065,True
82066,True
82067,True
82068,True
82069,True
82070,True
82071,True
82072,True
82073,True
82074,True
82075,False
82076,True
82077,True
82078,True
82079,False
82080,True
82081,False
82082,True
82083,True
82084,True
82085,False
82086,False
82087,True
82088,True
82089,True
82090,False
82091,True
82092,True
82093,True
82094,True
82095,True
82096,False
82097,True
82098,True
82099,True
82100,True
82101,True
82102,True
82103,True
82104,True
82105,False
82106,True
82107,True
82108,True
82109,True
82110,True
82111,True
82112,False
82113,True
82114,False
82115,True
82116,True
82117,True
82118,False
82119,True
82120,True
82121,False
82122,True
82123,False
82124,False
82125,False
82126,True
82127,True
82128,True
82129,True
82130,True
82131,True
82132,False
82133,True
82134,False
82135,False
82136,False
82137,True
82138,True
82139,True
82140,True
82141,True
82142,False
82143,True
82144,True
82145,True
82146,True
82147,True
82148,True
82149,True
82150,False
82151,True
82152,False
82153,True
82154,True
82155,True
82156,False
82157,True
82158,True
82159,True
82160,True
82161,False
82162,True
82163,True
82164,True
82165,True
82166,True
82167,False
82168,True
82169,False
82170,True
82171,False
82172,True
82173,False
82174,True
82175,True
82176,True
82177,True
82178,False
82179,True
82180,True
82181,True
82182,True
82183,True
82184,False
82185,True
82186,True
82187,True
82188,False
82189,True
82190,False
82191,True
82192,True
82193,True
82194,False
82195,False
83001,False
83002,True
83003,False
83004,False
83005,True
83006,True
83007,True
83008,False
83009,False
83010,True
83011,False
83012,True
83013,True
83014,True
83015,True
83016,False
83017,False
83018,False
83019,False
83020,True
83021,False
83022,True
83023,False
83025,True
83026,False
83027,False
83028,False
83029,False
83030,False
83031,False
83032,False
83033,False
83034,False
83035,False
83036,False
83037,False
83038,False
83039,False
83040,True
83041,False
83042,False
83043,False
83044,True
83045,False
83046,False
83047,False
83048,False
83049,False
83050,False
83051,False
83052,True
83053,False
83054,False
83055,False
83056,False
83057,False
83058,False
83059,False
83060,True
83061,False
83062,False
83063,False
83064,False
83065,False
83066,True
83067,False
83068,False
83069,False
83070,False
83071,False
83072,False
83073,False
83074,True
83075,False
83076,False
83077,False
83078,True
83079,False
83080,False
83081,False
83082,False
83083,False
83084,True
83085,False
83086,False
83087,False
83088,False
83089,False
83090,False
83091,False
83092,False
83093,False
83094,False
83095,True
83096,False
83097,False
83098,False
83099,False
83100,False
83101,False
83102,True
83103,False
83104,True
83105,False
83106,False
83107,False
83108,False
83109,True
83110,False
83111,False
83112,False
83113,True
83114,True
83115,False
83116,False
83117,False
83118,False
83119,False
83120,False
83121,False
83122,True
83123,False
83124,False
83125,True
83126,False
83127,False
83128,False
83129,False
83130,False
83131,False
83132,False
83133,False
83134,False
83135,True
83136,False
83137,False
83138,False
83139,True
83140,False
83141,False
83142,True
83143,False
83144,False
83145,True
83146,True
83147,True
83148,False
83149,True
83150,False
83151,False
83152,False
83153,False
83154,False
84001,False
84002,False
84003,True
84004,False
84005,True
84006,True
84007,False
84008,True
84009,False
84010,False
84011,False
84012,False
84013,True
84014,False
84015,True
84016,False
84017,False
84018,True
84019,False
84020,True
84021,True
84022,True
84023,True
84024,False
84025,False
84026,False
84027,False
84028,True
84029,False
84030,False
84031,False
84032,True
84033,True
84034,False
84035,False
84036,False
84037,False
84038,False
84039,False
84040,True
84041,False
84042,False
84043,False
84044,True
84045,True
84046,False
84047,True
84048,True
84049,False
84050,True
84051,True
84052,False
84053,True
84054,False
84055,False
84056,False
84057,True
84058,True
84059,False
84060,True
84061,False
84062,False
84063,False
84064,False
84065,False
84066,True
84067,False
84068,False
84069,True
84070,True
84071,False
84072,False
84073,True
84074,False
84075,True
84076,False
84077,False
84078,False
84079,True
84080,False
84081,False
84082,True
84083,False
84084,False
84085,True
84086,True
84087,False
84088,False
84089,False
84090,False
84091,False
84092,False
84093,False
84094,True
84095,False
84096,True
84097,True
84098,True
84099,False
84100,False
84101,False
84102,True
84103,True
84104,True
84105,True
84106,False
84107,True
84108,False
84109,False
84110,True
84111,True
84112,True
84113,False
84114,True
84115,False
84116,True
84117,True
84118,True
84119,False
84120,True
84121,False
84122,False
84123,True
84124,False
84125,True
84126,True
84127,False
84128,True
84129,False
84130,False
84131,False
84132,False
84133,False
84134,False
84135,False
84136,False
84137,True
84138,True
84139,False
84140,False
84141,False
84142,False
84143,False
84144,True
84145,True
84146,True
84147,False
84148,True
84149,False
84150,True
84151,False
85001,True
85002,False
85003,False
85004,False
85005,True
85006,False
85008,False
85009,False
85010,False
85011,False
85012,False
85013,False
85014,True
85015,False
85016,False
85017,False
85018,False
85019,False
85020,True
85021,False
85022,False
85023,True
85024,False
85025,False
85026,False
85028,True
85029,False
85031,False
85033,False
85034,False
85035,False
85036,True
85037,True
85038,False
85039,False
85040,True
85041,True
85042,True
85045,False
85046,False
85047,False
85049,True
85050,False
85051,False
85053,True
85054,False
85055,False
85056,True
85058,True
85059,True
85061,True
85062,False
85064,False
85065,False
85066,False
85067,True
85070,False
85071,False
85072,False
85073,True
85074,True
85076,False
85077,False
85078,True
85080,False
85081,False
85082,False
85083,False
85084,False
85086,False
85087,True
85088,False
85089,False
85090,False
85092,False
85093,False
85094,False
85095,False
85096,False
85097,False
85098,False
85099,False
85100,False
85101,False
85102,False
85103,False
85104,True
85105,True
85106,False
85108,False
85109,False
85110,False
85111,True
85112,False
85113,False
85114,False
85115,True
85116,False
85117,True
85118,False
85119,False
85120,False
85121,False
85123,True
85125,True
85126,False
85127,False
85128,True
85129,False
85130,False
85131,True
85132,True
85133,True
85134,False
85135,True
85136,True
85137,False
85138,False
85139,True
85140,False
85141,True
85142,False
85143,False
85144,False
85145,False
85146,False
85147,False
85148,False
85149,True
85151,False
85152,False
85153,False
85154,True
85155,False
85156,False
85157,True
85158,False
85159,True
85160,False
85161,False
85162,True
85163,False
85164,False
85167,False
85169,False
85171,True
85172,False
85174,False
85175,True
85176,False
85177,False
85178,False
85179,False
85181,False
85182,False
85184,True
85185,True
85186,False
85187,False
85188,True
85189,False
85190,False
85191,False
85192,False
85193,True
85194,False
85196,False
85197,False
85198,False
85199,True
85200,False
85201,False
85202,False
85204,False
85205,False
85206,False
85207,True
85208,False
85209,True
85210,False
85211,False
85213,False
85214,False
85215,False
85216,True
85218,False
85220,False
85221,False
85222,False
85223,True
85226,False
85227,True
85229,True
85231,False
85232,False
85233,True
85234,False
85235,True
85236,False
85237,False
85238,False
85239,False
85240,False
85242,False
85243,False
85244,False
85245,False
85246,False
85247,False
85248,True
85250,False
85251,True
85252,True
85254,False
85255,True
85256,False
85259,False
85260,False
85261,True
85262,False
85264,True
85265,True
85266,False
85267,True
85268,False
85269,True
85271,True
85273,False
85274,False
85276,False
85277,False
85278,False
85280,False
85281,False
85282,False
85284,False
85285,False
85286,True
85287,False
85288,False
85289,True
85290,True
85291,False
85292,True
85293,False
85294,True
85295,False
85296,False
85297,True
85298,False
85300,False
85301,False
85302,False
85303,True
85304,True
85305,False
85306,True
85307,True
86001,True
86002,True
86003,True
86004,True
86005,True
86006,True
86007,True
86008,True
86009,False
86010,False
86011,True
86012,True
86013,True
86014,False
86015,True
86016,False
86017,False
86018,True
86019,False
86020,False
86022,True
86023,True
86024,False
86025,True
86026,True
86027,False
86028,False
86029,True
86031,False
86032,False
86034,True
86035,True
86036,True
86037,True
86038,True
86039,True
86040,True
86041,False
86042,False
86044,True
86045,False
86046,False
86047,False
86048,False
86049,True
86050,False
86051,True
86052,True
86053,True
86054,True
86055,True
86058,False
86059,True
86061,True
86062,False
86063,True
86064,True
86065,False
86066,False
86068,True
86069,True
86070,True
86072,True
86073,True
86074,False
86075,True
86076,False
86077,True
86078,True
86079,True
86080,False
86081,False
86082,True
86083,False
86084,True
86085,True
86086,True
86087,True
86088,False
86089,True
86090,True
86091,False
86092,False
86093,True
86094,False
86095,False
86096,False
86097,True
86098,True
86099,False
86100,False
86102,False
86103,True
86104,True
86105,False
86106,True
86107,True
86108,True
86109,True
86110,True
86111,True
86112,True
86113,False
86114,True
86115,False
86116,False
86117,True
86118,True
86119,True
86120,True
86121,False
86122,True
86123,False
86124,False
86125,True
86126,True
86127,True
86128,False
86129,True
86130,False
86131,True
86132,True
86133,False
86134,True
86135,False
86136,True
86137,True
86138,True
86139,False
86140,True
86141,True
86142,False
86143,True
86144,True
86145,False
86147,False
86148,False
86149,True
86150,True
86151,True
86152,True
86153,True
86154,True
86156,True
86157,False
86158,False
86159,True
86160,True
86161,True
86162,True
86163,False
86164,False
86165,True
86167,True
86169,True
86170,True
86171,True
86172,True
86173,True
86174,False
86175,True
86176,True
86177,False
86178,False
86180,False
86181,True
86182,False
86183,False
86184,False
86186,False
86187,True
86189,True
86190,True
86191,True
86192,True
86193,True
86194,False
86195,False
86196,True
86197,True
86198,False
86200,True
86201,True
86202,True
86203,True
86204,False
86205,True
86206,True
86207,True
86209,False
86210,True
86211,True
86213,False
86214,False
86217,True
86218,True
86220,True
86221,False
86222,False
86223,True
86224,True
86225,True
86226,False
86227,True
86228,True
86229,True
86230,True
86231,True
86233,True
86234,True
86235,True
86236,True
86237,True
86239,True
86241,False
86242,True
86244,False
86245,True
86246,True
86247,True
86248,True
86249,True
86250,True
86252,True
86253,False
86254,True
86255,True
86256,False
86257,False
86258,False
86260,True
86261,False
86262,True
86263,False
86264,True
86265,False
86266,True
86268,False
86269,True
86270,True
86271,True
86272,False
86273,True
86274,True
86275,True
86276,True
86279,True
86280,True
86281,True
86284,False
86285,True
86286,True
86287,True
86288,True
86289,True
86290,False
86291,True
86292,False
86293,False
86294,False
86295,True
86296,True
86297,False
86298,False
86299,True
86300,False
87001,False
87002,False
87003,True
87004,True
87005,False
87006,True
87007,True
87008,True
87009,True
87011,True
87012,True
87013,True
87014,True
87015,False
87016,False
87017,True
87018,True
87019,False
87020,False
87021,False
87022,True
87023,True
87024,True
87025,False
87027,True
87028,True
87029,True
87030,False
87031,True
87032,True
87033,True
87034,True
87035,True
87036,True
87037,True
87038,False
87039,True
87040,True
87041,True
87042,True
87043,True
87044,False
87045,True
87046,True
87047,True
87048,False
87049,True
87050,False
87051,True
87052,True
87053,True
87054,True
87056,True
87057,True
87058,True
87059,True
87060,True
87061,True
87062,True
87063,False
87064,True
87065,False
87066,True
87067,True
87068,True
87069,True
87070,True
87071,True
87072,True
87073,True
87074,True
87075,False
87076,True
87077,True
87078,False
87079,True
87080,True
87081,False
87082,True
87083,True
87084,True
87085,False
87086,True
87087,True
87088,True
87089,True
87090,True
87091,True
87092,True
87093,True
87094,True
87095,True
87096,True
87097,True
87099,True
87100,True
87101,True
87103,True
87104,True
87105,True
87106,True
87107,False
87108,True
87109,True
87110,False
87111,True
87112,True
87113,False
87114,False
87115,True
87116,True
87117,True
87118,False
87119,True
87120,True
87121,True
87122,True
87123,True
87124,True
87125,False
87126,False
87127,True
87128,True
87129,True
87130,True
87131,False
87132,True
87133,True
87134,True
87135,True
87137,True
87138,True
87139,True
87140,False
87141,True
87142,True
87143,False
87144,True
87145,True
87146,True
87147,True
87148,True
87149,True
87150,True
87151,True
87152,False
87153,True
87154,False
87155,True
87156,False
87157,False
87158,True
87159,True
87160,True
87161,True
87162,True
87163,True
87164,False
87165,True
87166,False
87167,True
87168,True
87169,True
87170,True
87172,True
87174,True
87176,True
87177,False
87178,False
87179,True
87180,True
87181,True
87182,True
87183,False
87185,False
87186,True
87187,True
87188,False
87189,False
87190,True
87191,False
87192,False
87193,True
87194,True
87195,True
87197,True
87198,True
87199,False
87200,True
87201,False
87202,False
87203,True
87204,False
87205,False
87206,True
88001,True
88002,True
88003,True
88004,True
88005,False
88006,True
88007,True
88008,True
88009,False
88010,True
88011,False
88012,False
88013,True
88014,False
88015,True
88016,True
88017,True
88019,True
88020,True
88021,True
88022,True
88023,True
88024,True
88025,True
88026,False
88027,False
88028,False
88029,True
88030,True
88031,True
88032,False
88033,True
88035,False
88036,True
88037,False
88038,True
88039,True
88040,False
88041,True
88042,True
88043,True
88044,True
88045,True
88046,True
88047,True
88048,False
88049,True
88050,True
88051,True
88052,True
88053,False
88054,False
88055,True
88056,True
88057,False
88058,True
88059,False
88060,True
88061,True
88062,True
88063,True
88064,True
88065,True
88066,True
88068,False
88069,True
88070,True
88071,True
88073,False
88074,True
88075,False
88076,True
88077,True
88078,True
88079,True
88080,True
88081,False
88082,False
88083,True
88084,False
88085,False
88086,True
88087,False
88088,True
88089,False
88090,False
88091,True
88092,True
88093,True
88094,False
88095,True
88096,True
88097,True
88098,False
88099,False
88100,True
88101,True
88102,True
88103,True
88104,True
88105,True
88106,False
88107,True
88108,True
88109,False
88110,True
88111,False
88113,False
88114,True
88115,False
88116,False
88117,True
88118,True
88119,True
88120,False
88121,False
88122,True
88123,True
88124,True
88125,True
88126,False
88127,True
88128,True
88129,True
88130,True
88131,True
88132,False
88133,False
88134,False
88135,True
88136,False
88137,True
88138,True
88139,True
88140,True
88141,True
88142,False
88143,False
88144,True
88145,True
88146,True
88147,True
88148,False
88149,True
88150,True
88151,True
88152,True
88153,True
88154,True
88155,True
88156,True
88157,False
88158,False
88159,False
88160,False
88161,True
88162,True
88163,False
88164,True
88165,False
88166,True
88167,True
88168,True
88169,True
88170,False
88171,True
88172,True
88173,False
88174,False
88175,True
88176,True
88177,False
88178,False
88179,True
88180,True
88181,False
88182,False
88183,True
88184,True
88185,True
88186,True
88187,True
88188,False
88189,True
88190,False
88192,True
88193,False
88194,True
88195,True
88196,False
88197,False
88198,False
88199,True
88200,False
88201,False
88202,True
88203,True
88205,False
88206,True
88208,True
88209,False
88210,True
88212,True
88213,False
88214,True
88215,False
88216,True
88218,False
88219,True
88220,True
88221,True
88222,True
88223,True
88224,False
88225,False
88226,True
88227,True
88228,False
88229,True
88230,True
88231,True
88232,True
88233,True
88236,True
88237,True
88238,True
88239,True
88240,True
88241,True
88242,True
88243,True
88244,False
88245,True
88246,True
88247,False
88248,True
88249,True
88250,False
88251,True
88252,True
88253,False
88254,True
88255,True
88256,True
88257,True
88258,True
88259,True
88260,False
88261,True
88262,True
88263,True
88264,True
88265,True
88266,True
88267,True
88268,False
88269,False
88270,True
88271,True
88272,True
88273,False
88274,True
88275,False
88276,False
88277,False
88278,True
88279,True
88280,True
88281,True
88283,True
88284,False
88285,True
88286,True
88287,True
88288,True
88289,True
88290,True
88291,True
88292,True
88293,True
88294,False
88295,True
88296,True
88297,True
88298,True
88299,True
88300,False
88301,True
88302,False
88303,True
88304,True
88305,True
88306,False
88307,True
88308,True
88309,True
88310,True
88311,True
88312,True
88313,False
88314,True
88315,True
88316,True
88317,False
88318,True
88319,False
88320,False
88321,True
88322,True
88324,True
88325,True
88326,False
88327,False
88328,False
88330,True
88331,True
88332,True
88333,True
88334,True
88335,True
88336,True
88338,True
88340,True
88341,False
88342,False
88343,True
88344,True
88345,False
88346,False
88347,True
88348,True
88349,False
88350,True
88351,False
88352,True
88353,True
88354,True
88355,False
88356,False
88357,True
88358,False
88359,True
88360,True
88361,False
88362,False
88363,True
88364,True
88365,True
88366,True
88367,True
88368,True
88369,False
88370,True
88371,False
88372,False
88373,False
88374,True
88375,False
88376,True
88377,True
88378,True
88379,False
88380,False
88381,True
88382,True
88383,False
88385,True
88386,False
88387,True
88388,False
88389,True
88390,True
88391,False
88393,True
88394,True
88395,True
88398,True
88399,True
88400,True
88401,True
88402,True
88403,True
88404,True
88406,False
88407,True
88408,False
88409,False
88410,True
88411,True
88412,True
88413,False
88415,False
88416,True
88417,True
88418,True
88419,True
88421,True
88423,False
88424,False
88425,True
88426,False
88427,True
88428,False
88429,False
88430,True
88431,True
88432,True
88433,True
88434,True
88435,False
88436,False
88437,True
88438,False
88439,False
88440,True
88441,True
88442,False
88443,True
88444,False
88445,False
88446,True
88447,False
88448,True
88449,True
88450,True
88451,False
88452,True
88453,True
88454,True
88455,True
88456,True
88457,True
88458,False
88459,True
88460,True
88461,True
88462,False
88463,False
88464,False
88465,False
88466,True
88467,False
88468,False
88469,True
88470,False
88471,True
88472,True
88473,True
88474,True
88475,True
88476,True
88477,True
88478,True
88479,True
88480,False
88481,False
88482,True
88483,False
88484,False
88485,True
88486,False
88487,False
88488,True
88489,True
88490,True
88491,True
88492,False
88493,True
88494,True
88495,False
88496,True
88497,False
88498,False
88499,True
88500,False
88501,False
88502,True
88503,False
88504,True
88505,False
88506,False
88507,True
88508,True
88509,False
88510,True
88511,True
88512,True
88513,False
88514,True
88515,True
88516,True
88517,True
88518,True
88519,False
88520,True
88521,True
88522,True
88523,True
88524,True
88525,True
88526,False
88527,True
88528,True
88529,True
88530,False
88531,False
88532,False
89002,True
89003,False
89004,True
89005,True
89006,True
89007,True
89008,True
89009,True
89010,True
89011,True
89012,True
89013,False
89014,True
89015,True
89016,True
89017,True
89018,False
89019,True
89020,True
89021,True
89022,True
89023,False
89024,False
89025,True
89027,True
89028,True
89029,False
89030,True
89031,True
89032,True
89033,True
89034,True
89035,True
89036,False
89037,True
89038,True
89039,True
89040,True
89041,True
89042,True
89043,True
89044,True
89045,False
89046,True
89048,True
89049,True
89050,False
89051,False
89053,False
89054,False
89055,True
89056,True
89057,True
89058,True
89059,True
89060,False
89061,True
89062,True
89063,True
89064,True
89065,True
89066,True
89067,True
89068,True
89069,True
89071,True
89072,True
89073,True
89074,False
89075,True
89076,True
89077,False
89079,True
89080,False
89081,True
89083,False
89084,True
89085,False
89086,True
89087,True
89088,False
89089,True
89091,True
89092,True
89093,False
89094,False
89095,True
89096,True
89098,True
89099,False
89100,False
89101,True
89102,False
89104,True
89105,False
89108,True
89111,True
89112,True
89113,False
89115,False
89116,False
89117,True
89118,False
89119,True
89120,True
89122,True
89123,True
89124,False
89125,True
89126,False
89127,False
89128,True
89129,True
89130,True
89131,True
89132,True
89133,True
89134,True
89136,False
89137,True
89139,True
89141,True
89142,False
89143,False
89144,False
89145,True
89146,True
89147,True
89148,True
89149,True
89150,True
89151,False
89152,False
89153,True
89154,False
89155,False
89156,True
89158,True
89159,True
89160,False
89161,True
89162,False
89163,True
89164,True
89165,True
89167,False
89168,True
89169,True
89170,True
89171,True
89172,False
89173,True
89175,True
89176,True
89177,True
89179,True
89180,False
89181,True
89182,True
89183,True
89184,True
89186,True
89187,True
89188,True
89189,False
89190,True
89191,True
89194,True
89195,False
89196,False
89197,True
89198,False
89199,False
89200,True
89201,True
89202,False
89203,True
89204,True
89205,True
89206,True
89207,True
89208,True
89209,False
89210,True
89211,True
89212,False
89214,True
89215,True
89216,True
89217,True
89218,False
89219,True
89220,True
89221,True
89222,True
89223,True
89224,True
89225,True
89226,True
89227,True
89228,False
89229,False
89230,True
89232,True
89233,True
89234,True
89235,True
89236,False
89237,True
89238,True
89239,False
89240,False
89242,True
89244,True
89245,False
89246,True
89247,True
89248,True
89249,True
89250,True
89251,False
89252,True
89253,True
89254,True
89255,False
89256,True
89257,False
89259,True
89261,True
89262,True
89263,False
89264,False
89265,False
89266,True
89267,True
89268,True
89270,True
89271,True
89272,True
89273,True
89274,False
89276,True
89277,True
89278,False
89279,True
89280,True
89281,False
89282,True
89283,True
89284,True
89285,False
89286,True
89287,False
89288,True
89289,True
89290,True
89291,False
89292,True
89295,False
89296,True
89297,True
89298,False
89299,True
89300,True
89302,False
89303,True
89304,False
89306,True
89307,True
89308,True
89309,False
89310,True
89311,True
89312,True
89313,True
89314,True
89315,True
89316,True
89318,True
89319,False
89320,True
89321,True
89323,True
89324,True
89325,True
89326,False
89327,False
89328,True
89329,True
89331,True
89332,False
89333,True
89334,False
89335,True
89336,True
89337,False
89338,False
89339,True
89341,True
89342,False
89344,True
89345,True
89346,False
89347,True
89348,True
89349,True
89350,False
89351,True
89352,True
89353,True
89354,False
89355,True
89359,True
89360,False
89361,False
89362,True
89363,True
89364,True
89365,True
89367,True
89368,True
89369,False
89370,False
89371,True
89373,False
89374,True
89375,True
89376,True
89377,True
89378,True
89379,True
89380,False
89382,True
89383,True
89384,False
89385,True
89386,True
89387,False
89388,True
89390,False
89391,False
89392,True
89393,True
89394,True
89395,True
89397,False
89398,True
89399,False
89400,True
89402,True
89403,True
89404,False
89405,True
89406,True
89407,True
89408,True
89409,True
89410,True
89411,True
89412,True
89413,True
89414,False
89415,True
89416,True
89417,True
89418,True
89419,True
89420,True
89422,True
89423,True
89424,True
89425,True
89426,True
89427,False
89428,False
89430,True
89431,True
89432,True
89433,True
89434,True
89436,True
89437,True
89438,False
89439,True
89440,True
89441,True
89442,False
89443,False
89445,True
89446,True
89447,True
89449,False
89450,False
89451,True
89452,True
89453,False
89456,False
89458,False
89459,False
89460,False
89461,True
89462,True
89463,False
89464,False
89465,False
89466,False
89467,False
89468,True
89469,False
89470,True
89471,True
89472,True
89474,True
89475,True
89477,True
89478,False
89479,False
89480,False
89481,True
89482,True
89483,True
89485,True
89486,True
90001,False
90002,False
90003,False
90004,False
90005,False
90006,False
90007,False
90008,False
90009,False
90010,False
90011,False
90012,False
90013,False
90014,False
90015,False
90016,False
90017,False
90018,False
90019,False
90020,False
90021,False
90022,False
90023,False
90024,False
90025,False
90026,False
90027,False
90028,False
90029,False
90030,False
90031,False
90032,False
90033,False
90034,False
90035,False
90036,False
90037,False
90039,False
90041,False
90042,False
90043,False
90044,False
90045,False
90046,False
90047,False
90048,False
90049,False
90050,False
90051,False
90052,False
90053,False
90054,False
90055,False
90056,False
90057,False
90058,False
90059,False
90060,False
90061,False
90062,False
90063,False
90064,False
90065,False
90066,False
90067,False
90068,False
90069,False
90070,False
90071,False
90072,False
90074,False
90075,False
90076,False
90077,False
90078,False
90079,False
90080,False
90081,False
90082,False
90083,False
90084,False
90085,False
90086,False
90087,False
90088,False
90089,False
90090,False
90091,False
90093,False
90094,False
90095,False
90096,False
90097,False
90098,False
90099,False
90100,False
90101,False
90102,False
90103,False
90104,False
90105,False
91001,False
91016,False
91017,False
91021,False
91022,False
91027,False
91035,False
91037,False
91038,False
91041,False
91044,False
91045,False
91047,False
91064,False
91067,False
91069,False
91075,False
91079,False
91080,False
91081,False
91085,False
91086,False
91093,False
91095,False
91097,False
91098,False
91099,False
91100,False
91103,False
91105,False
91106,False
91109,False
91111,False
91112,False
91114,False
91115,False
91121,False
91122,False
91129,False
91130,False
91131,False
91132,False
91135,False
91136,False
91137,False
91145,False
91148,False
91156,False
91159,False
91161,False
91174,False
91175,False
91179,False
91180,False
91184,False
91186,False
91191,False
91195,False
91198,False
91200,False
91201,False
91204,False
91207,False
91215,False
91216,False
91223,False
91225,False
91226,False
91228,False
91232,False
91235,False
91240,False
91243,False
91244,False
91247,False
91248,False
91249,False
91272,False
91273,False
91274,False
91275,False
91284,False
91286,False
91292,False
91293,False
91294,False
91312,False
91315,False
91318,False
91319,False
91326,False
91330,False
91332,False
91333,False
91338,False
91339,False
91340,False
91345,False
91347,False
91359,False
91363,False
91374,False
91376,False
91377,False
91378,False
91386,False
91390,False
91393,False
91399,False
91405,False
91408,False
91411,False
91412,False
91414,False
91421,False
91425,False
91432,False
91433,False
91434,False
91435,False
91441,False
91457,False
91458,False
91461,False
91463,False
91468,False
91469,False
91471,False
91473,False
91477,False
91479,False
91482,False
91494,False
91495,False
91507,False
91508,False
91511,False
91514,False
91519,False
91521,False
91525,False
91526,False
91533,False
91534,False
91538,False
91540,False
91544,False
91546,False
91547,False
91549,False
91552,False
91553,False
91556,False
91560,False
91568,False
91570,False
91573,False
91577,False
91578,False
91579,False
91581,False
91587,False
91589,False
91593,False
91599,False
91600,False
91602,False
91613,False
91617,False
91619,False
91629,False
91630,False
91631,False
91634,False
91635,False
91639,False
91645,False
91648,False
91649,False
91654,False
91657,False
91659,False
91661,False
91662,False
91665,False
91666,False
91667,False
91671,False
91679,False
91685,False
91687,False
91689,False
91691,False
91692,False
92002,False
92004,False
92007,False
92009,False
92012,False
92014,False
92019,False
92020,False
92022,False
92023,False
92024,False
92025,False
92026,False
92032,False
92033,False
92035,False
92036,False
92040,False
92044,False
92046,False
92047,False
92048,False
92049,False
92050,False
92051,False
92060,False
92062,False
92063,False
92064,False
92071,False
92072,False
92073,False
92075,False
92076,False
92077,False
92078,False
93001,False
93005,False
93006,False
93007,False
93008,False
93010,False
93013,False
93014,False
93015,False
93027,False
93029,False
93030,False
93031,False
93032,False
93033,False
93039,False
93045,False
93046,False
93047,False
93048,False
93049,False
93050,False
93051,False
93053,False
93055,False
93057,False
93059,False
93061,False
93062,False
93063,False
93064,False
93066,False
93070,False
93071,False
93072,False
93073,False
93074,False
93077,False
93078,False
93079,False
94001,False
94002,False
94003,False
94004,False
94011,False
94015,False
94016,False
94017,False
94018,False
94019,False
94021,False
94022,False
94028,False
94033,False
94034,False
94037,False
94038,False
94041,False
94042,False
94043,False
94044,False
94046,False
94047,False
94048,False
94052,False
94053,False
94054,False
94055,False
94056,False
94058,False
94059,False
94060,False
94065,False
94067,False
94068,False
94069,False
94070,False
94071,False
94073,False
94074,False
94075,False
94076,False
94077,False
94078,False
94079,False
94080,False
94081,False
95002,False
95008,False
95011,False
95012,False
95014,False
95018,False
95019,False
95023,False
95024,False
95026,False
95028,False
95039,False
95040,False
95042,False
95046,False
95051,False
95052,False
95054,False
95055,False
95056,False
95058,False
95059,False
95060,False
95061,False
95063,False
95074,False
95078,False
95088,False
95091,False
95094,False
95101,False
95102,False
95110,False
95116,False
95119,False
95120,False
95127,False
95134,False
95139,False
95141,False
95142,False
95144,False
95149,False
95150,False
95151,False
95154,False
95157,False
95166,False
95169,False
95170,False
95176,False
95177,False
95181,False
95183,False
95197,False
95199,False
95203,False
95205,False
95210,False
95211,False
95212,False
95213,False
95214,False
95218,False
95219,False
95229,False
95241,False
95250,False
95252,False
95253,False
95254,False
95256,False
95257,False
95258,False
95268,False
95270,False
95271,False
95277,False
95280,False
95282,False
95287,False
95288,False
95295,False
95298,False
95301,False
95303,False
95304,False
95306,False
95308,False
95309,False
95313,False
95316,False
95323,False
95328,False
95331,False
95341,False
95348,False
95351,False
95352,False
95353,False
95355,False
95365,False
95369,False
95370,False
95371,False
95379,False
95387,False
95388,False
95392,False
95394,False
95395,False
95409,False
95422,False
95424,False
95426,False
95427,False
95428,False
95429,False
95430,False
95436,False
95438,False
95445,False
95446,False
95447,False
95450,False
95452,False
95456,False
95459,False
95462,False
95476,False
95480,False
95483,False
95487,False
95488,False
95489,False
95491,False
95492,False
95493,False
95500,False
95504,False
95509,False
95510,False
95523,False
95527,False
95529,False
95535,False
95539,False
95541,False
95543,False
95554,False
95555,False
95563,False
95566,False
95572,False
95574,False
95580,False
95582,False
95584,False
95585,False
95592,False
95594,False
95598,False
95604,False
95607,False
95610,False
95611,False
95612,False
95625,False
95627,False
95628,False
95633,False
95637,False
95641,False
95651,False
95652,False
95656,False
95658,False
95660,False
95675,False
95676,False
95678,False
95680,False
95682,False
95690,False
97101,False
97102,False
97103,False
97104,False
97105,False
97106,False
97107,False
97108,False
97109,False
97110,False
97111,False
97112,False
97113,False
97114,False
97115,False
97116,False
97117,False
97118,False
97119,False
97120,False
97121,False
97122,False
97124,False
97125,False
97126,False
97128,False
97129,False
97130,False
97131,False
97132,False
97133,False
97134,False
97201,False
97202,False
97203,False
97204,False
97205,False
97206,False
97207,False
97208,False
97209,False
97210,False
97211,False
97212,False
97213,False
97214,False
97215,False
97216,False
97217,False
97218,False
97219,False
97220,False
97221,False
97222,False
97223,False
97224,False
97225,False
97226,False
97227,False
97228,False
97229,False
97230,False
97231,False
97232,False
97233,False
97234,False
97301,True
97302,True
97303,True
97304,True
97305,True
97306,True
97307,True
97308,True
97309,True
97310,True
97311,True
97312,True
97313,True
97314,True
97352,True
97353,True
97356,True
97357,True
97358,True
97360,True
97361,True
97362,True
97401,True
97402,True
97403,True
97404,True
97405,True
97406,True
97407,False
97408,True
97409,True
97410,True
97411,True
97412,True
97413,True
97414,True
97415,True
97416,True
97417,True
97418,True
97419,True
97420,True
97421,True
97422,True
97423,True
97424,True
97601,False
97602,False
97603,False
97604,False
97605,False
97606,False
97607,False
97608,False
97609,False
97610,False
97611,False
97612,False
97613,False
97614,False
97615,False
97616,False
97617,False
